Kelas,Hari,Jam Kuliah,Waktu,Kode MK,Mata Kuliah,Pengampu,Ruang,Kode dosen
LT 1A,Senin,1,07.00 - 07.45,331-241-109,Rancangan Instalasi Listrik,"Drs. Juwarta, M.M.",LabTim,JW
LT 1A,Senin,2,07.45 - 08.30,331-241-109,Rancangan Instalasi Listrik,"Drs. Juwarta, M.M.",LabTim,JW
LT 1A,Senin,3,08.30 - 09.15,331-241-109,Rancangan Instalasi Listrik,"Drs. Juwarta, M.M.",LabTim,JW
LT 1A,Senin,ISTIRAHAT,ISTIRAHAT,,#N/A,#N/A,,
LT 1A,Senin,4,09.35 - 10.20,331-241-109,Rancangan Instalasi Listrik,"Drs. Juwarta, M.M.",LabTim,JW
LT 1A,Senin,5,10.20 - 11.05,331-241-109,Rancangan Instalasi Listrik,"Drs. Juwarta, M.M.",LabTim,JW
LT 1A,Senin,6,11.05 - 11.50,331-241-109,Rancangan Instalasi Listrik,"Drs. Juwarta, M.M.",LabTim,JW
LT 1A,Senin,ISTIRAHAT,ISTIRAHAT,,#N/A,"#N/A",,
LT 1A,Senin,7,12.30 - 13.15,331-241-105,Fisika Listrik,"Friska Ayu Fitriani Sugiono, S.Si., M.T",GKT.7/10,FA
LT 1A,Senin,8,13.15 - 14.00,331-241-105,Fisika Listrik,"Friska Ayu Fitriani Sugiono, S.Si., M.T",GKT.7/10,FA
LT 1A,Senin,9,14.00 - 14.45,331-241-105,Fisika Listrik,"Friska Ayu Fitriani Sugiono, S.Si., M.T",GKT.7/10,FA
LT 1A,Selasa,1,07.00 - 07.45,331-241-108,Praktek Dasar Mekanik,"Aji Hari Riyadi, S.T., M.T.",WST,AHR
LT 1A,Selasa,2,07.45 - 08.30,331-241-108,Praktek Dasar Mekanik,"Aji Hari Riyadi, S.T., M.T.",WST,AHR
LT 1A,Selasa,3,08.30 - 09.15,331-241-108,Praktek Dasar Mekanik,"Aji Hari Riyadi, S.T., M.T.",WST,AHR
LT 1A,Selasa,ISTIRAHAT,ISTIRAHAT,,#N/A,"#N/A",,
LT 1A,Selasa,4,09.35 - 10.20,331-241-108,Praktek Dasar Mekanik,"Aji Hari Riyadi, S.T., M.T.",WST,AHR
LT 1A,Selasa,5,10.20 - 11.05,331-241-108,Praktek Dasar Mekanik,"Aji Hari Riyadi, S.T., M.T.",WST,AHR
LT 1A,Selasa,6,11.05 - 11.50,331-241-108,Praktek Dasar Mekanik,"Aji Hari Riyadi, S.T., M.T.",WST,AHR
LT 1A,Selasa,ISTIRAHAT,ISTIRAHAT,,#N/A,"#N/A",,
LT 1A,Selasa,7,12.30 - 13.15,331-241-101,Alat Ukur & Pengukuran Listrik,"Achmad Hardito,B.Tech , M.Kom",SBI/08,AH
LT 1A,Selasa,8,13.15 - 14.00,331-241-101,Alat Ukur & Pengukuran Listrik,"Achmad Hardito,B.Tech , M.Kom",SBI/08,AH
LT 1A,Selasa,9,14.00 - 14.45,331-241-101,Alat Ukur & Pengukuran Listrik,"Achmad Hardito,B.Tech , M.Kom",SBI/08,AH
LT 1A,Rabu,1,07.00 - 07.45,331-241-104,Elektronika Analog,"Lilik Eko Nuryanto, B.Eng., M.Kom.",SBI/08,LE
LT 1A,Rabu,2,07.45 - 08.30,331-241-104,Elektronika Analog,"Lilik Eko Nuryanto, B.Eng., M.Kom.",SBI/08,LE
LT 1A,Rabu,3,08.30 - 09.15,331-241-104,Elektronika Analog,"Lilik Eko Nuryanto, B.Eng., M.Kom.",SBI/08,LE
LT 1A,Rabu,5,10.20 - 11.05,331-241-107,Kalkulus,"Dra. Endang Triyani, M.Pd.",SBI/09,ET
LT 1A,Rabu,6,11.05 - 11.50,331-241-107,Kalkulus,"Dra. Endang Triyani, M.Pd.",SBI/09,ET
LT 1A,Rabu,ISTIRAHAT,ISTIRAHAT,,#N/A,"#N/A",,
LT 1A,Rabu,7,12.30 - 13.15,331-241-107,Kalkulus,"Dra. Endang Triyani, M.Pd.",SBI/09,ET
LT 1A,Rabu,8,13.15 - 14.00,331-241-107,Kalkulus,"Dra. Endang Triyani, M.Pd.",SBI/09,ET
LT 1A,Rabu,9,14.00 - 14.45,331-241-106,Gambar Teknik,"Akhmad Jamaah, S.T., M.Eng.",labGbr,AJ
LT 1A,Rabu,10,14.45 - 15.30,331-241-106,Gambar Teknik,"Akhmad Jamaah, S.T., M.Eng.",labGbr,AJ
LT 1A,Rabu,ISTIRAHAT,ISTIRAHAT,,#N/A,"#N/A",,
LT 1A,Rabu,11,16.00 - 16.45,331-241-106,Gambar Teknik,"Akhmad Jamaah, S.T., M.Eng.",labGbr,AJ
LT 1A,Rabu,12,16.45 - 17.30,331-241-106,Gambar Teknik,"Akhmad Jamaah, S.T., M.Eng.",labGbr,AJ
LT 1A,Kamis,1,07.00 - 07.45,331-241-103,Dasar Instalasi Listrik,"Adi Wasono, B.Eng., M.Eng.",MulMed,AW
LT 1A,Kamis,2,07.45 - 08.30,331-241-103,Dasar Instalasi Listrik,"Adi Wasono, B.Eng., M.Eng.",MulMed,AW
LT 1A,Jumat,1,07.00 - 07.45,331-241-110,Rangkaian Listrik DC,"Syahid, S.T., M.Eng.",MulMed,SY
LT 1A,Jumat,2,07.45 - 08.30,331-241-110,Rangkaian Listrik DC,"Syahid, S.T., M.Eng.",MulMed,SY
LT 1A,Jumat,3,08.30 - 09.15,331-241-110,Rangkaian Listrik DC,"Syahid, S.T., M.Eng.",MulMed,SY
LT 1A,Jumat,ISTIRAHAT,ISTIRAHAT,,#N/A,#N/A,,
LT 1A,Jumat,4,09.35 - 10.20,331-241-110,Rangkaian Listrik DC,"Syahid, S.T., M.Eng.",MulMed,SY
LT 1A,Jumat,5,10.20 - 11.05,331-241-102,Bahasa Indonesia,"Rio Devilito S.Pd., M.Pd.",GKT.7/11,RD
LT 1A,Jumat,6,11.05 - 11.50,331-241-102,Bahasa Indonesia,"Rio Devilito S.Pd., M.Pd.",GKT.7/11,RD
LT 1B,Senin,1,07.00 - 07.45,331-241-105,Fisika Listrik,"Friska Ayu Fitriani Sugiono, S.Si., M.T",GKT.7/10,FA
LT 1B,Senin,2,07.45 - 08.30,331-241-105,Fisika Listrik,"Friska Ayu Fitriani Sugiono, S.Si., M.T",GKT.7/10,FA
LT 1B,Senin,3,08.30 - 09.15,331-241-105,Fisika Listrik,"Friska Ayu Fitriani Sugiono, S.Si., M.T",GKT.7/10,FA
LT 1B,Senin,5,10.20 - 11.05,331-241-104,Elektronika Analog,"Lilik Eko Nuryanto, B.Eng., M.Kom.",SBI/08,LE
LT 1B,Senin,6,11.05 - 11.50,331-241-104,Elektronika Analog,"Lilik Eko Nuryanto, B.Eng., M.Kom.",SBI/08,LE
LT 1B,Senin,ISTIRAHAT,ISTIRAHAT,,#N/A,"#N/A",,
LT 1B,Senin,7,12.30 - 13.15,331-241-104,Elektronika Analog,"Lilik Eko Nuryanto, B.Eng., M.Kom.",SBI/08,LE
LT 1B,Selasa,10,14.45 - 15.30,331-241-101,Alat Ukur & Pengukuran Listrik,"Achmad Hardito,B.Tech , M.Kom",SBI/08,AH
LT 1B,Selasa,ISTIRAHAT,ISTIRAHAT,,#N/A,"#N/A",,
LT 1B,Selasa,11,16.00 - 16.45,331-241-101,Alat Ukur & Pengukuran Listrik,"Achmad Hardito,B.Tech , M.Kom",SBI/08,AH
LT 1B,Selasa,12,16.45 - 17.30,331-241-101,Alat Ukur & Pengukuran Listrik,"Achmad Hardito,B.Tech , M.Kom",SBI/08,AH
LT 1B,Rabu,1,07.00 - 07.45,331-241-108,Praktek Dasar Mekanik,"Aji Hari Riyadi, S.T., M.T.",WST,AHR
LT 1B,Rabu,2,07.45 - 08.30,331-241-108,Praktek Dasar Mekanik,"Aji Hari Riyadi, S.T., M.T.",WST,AHR
LT 1B,Rabu,3,08.30 - 09.15,331-241-108,Praktek Dasar Mekanik,"Aji Hari Riyadi, S.T., M.T.",WST,AHR
LT 1B,Rabu,ISTIRAHAT,ISTIRAHAT,,#N/A,"#N/A",,
LT 1B,Rabu,4,09.35 - 10.20,331-241-108,Praktek Dasar Mekanik,"Aji Hari Riyadi, S.T., M.T.",WST,AHR
LT 1B,Rabu,5,10.20 - 11.05,331-241-108,Praktek Dasar Mekanik,"Aji Hari Riyadi, S.T., M.T.",WST,AHR
LT 1B,Rabu,6,11.05 - 11.50,331-241-108,Praktek Dasar Mekanik,"Aji Hari Riyadi, S.T., M.T.",WST,AHR
LT 1B,Rabu,ISTIRAHAT,ISTIRAHAT,,#N/A,"#N/A",,
LT 1B,Rabu,7,12.30 - 13.15,331-241-110,Rangkaian Listrik DC,"Syahid, S.T., M.Eng.",GKT.8/11,SY
LT 1B,Rabu,8,13.15 - 14.00,331-241-110,Rangkaian Listrik DC,"Syahid, S.T., M.Eng.",GKT.8/11,SY
LT 1B,Rabu,9,14.00 - 14.45,331-241-110,Rangkaian Listrik DC,"Syahid, S.T., M.Eng.",GKT.8/11,SY
LT 1B,Rabu,10,14.45 - 15.30,331-241-110,Rangkaian Listrik DC,"Syahid, S.T., M.Eng.",GKT.8/11,SY
LT 1B,Kamis,1,07.00 - 07.45,331-241-106,Gambar Teknik,"Akhmad Jamaah, S.T., M.Eng.",labGbr,AJ
LT 1B,Kamis,2,07.45 - 08.30,331-241-106,Gambar Teknik,"Akhmad Jamaah, S.T., M.Eng.",labGbr,AJ
LT 1B,Kamis,3,08.30 - 09.15,331-241-106,Gambar Teknik,"Akhmad Jamaah, S.T., M.Eng.",labGbr,AJ
LT 1B,Kamis,ISTIRAHAT,ISTIRAHAT,,#N/A,"#N/A",,
LT 1B,Kamis,4,09.35 - 10.20,331-241-106,Gambar Teknik,"Akhmad Jamaah, S.T., M.Eng.",labGbr,AJ
LT 1B,Kamis,5,10.20 - 11.05,331-241-103,Dasar Instalasi Listrik,"Adi Wasono, B.Eng., M.Eng.",MulMed,AW
LT 1B,Kamis,6,11.05 - 11.50,331-241-103,Dasar Instalasi Listrik,"Adi Wasono, B.Eng., M.Eng.",MulMed,AW
LT 1B,Kamis,ISTIRAHAT,ISTIRAHAT,,#N/A,#N/A,,
LT 1B,Kamis,7,12.30 - 13.15,331-241-109,Rancangan Instalasi Listrik,"Drs. Juwarta, M.M.",LabTim,JW
LT 1B,Kamis,8,13.15 - 14.00,331-241-109,Rancangan Instalasi Listrik,"Drs. Juwarta, M.M.",LabTim,JW
LT 1B,Kamis,9,14.00 - 14.45,331-241-109,Rancangan Instalasi Listrik,"Drs. Juwarta, M.M.",LabTim,JW
LT 1B,Kamis,10,14.45 - 15.30,331-241-109,Rancangan Instalasi Listrik,"Drs. Juwarta, M.M.",LabTim,JW
LT 1B,Kamis,ISTIRAHAT,ISTIRAHAT,,#N/A,"#N/A",,
LT 1B,Kamis,11,16.00 - 16.45,331-241-109,Rancangan Instalasi Listrik,"Drs. Juwarta, M.M.",LabTim,JW
LT 1B,Kamis,12,16.45 - 17.30,331-241-109,Rancangan Instalasi Listrik,"Drs. Juwarta, M.M.",LabTim,JW
LT 1B,Jumat,3,08.30 - 09.15,331-241-102,Bahasa Indonesia,"Rio Devilito S.Pd., M.Pd.",GKT.7/11,RD
LT 1B,Jumat,ISTIRAHAT,ISTIRAHAT,,#N/A,"#N/A",,
LT 1B,Jumat,4,09.35 - 10.20,331-241-102,Bahasa Indonesia,"Rio Devilito S.Pd., M.Pd.",GKT.7/11,RD
LT 1B,Jumat,8,13.15 - 14.00,331-241-107,Kalkulus,"Aji Hari Riyadi, S.T., M.T. /  Haidar Ali Fathin Naufal, S.T., M.T.",MulMed,"AHR, HAF"
LT 1B,Jumat,9,14.00 - 14.45,331-241-107,Kalkulus,"Aji Hari Riyadi, S.T., M.T. /  Haidar Ali Fathin Naufal, S.T., M.T.",MulMed,"AHR, HAF"
LT 1B,Jumat,10,14.45 - 15.30,331-241-107,Kalkulus,"Aji Hari Riyadi, S.T., M.T. /  Haidar Ali Fathin Naufal, S.T., M.T.",MulMed,"AHR, HAF"
LT 1B,Jumat,ISTIRAHAT,ISTIRAHAT,,#N/A,#N/A,,
LT 1B,Jumat,11,16.00 - 16.45,331-241-107,Kalkulus,"Aji Hari Riyadi, S.T., M.T. /  Haidar Ali Fathin Naufal, S.T., M.T.",MulMed,"AHR, HAF"
LT 1C,Senin,ISTIRAHAT,ISTIRAHAT,,#N/A,"#N/A",,
LT 1C,Senin,4,09.35 - 10.20,331-241-105,Fisika Listrik,"Friska Ayu Fitriani Sugiono, S.Si., M.T",GKT.7/10,FA
LT 1C,Senin,5,10.20 - 11.05,331-241-105,Fisika Listrik,"Friska Ayu Fitriani Sugiono, S.Si., M.T",GKT.7/10,FA
LT 1C,Senin,6,11.05 - 11.50,331-241-105,Fisika Listrik,"Friska Ayu Fitriani Sugiono, S.Si., M.T",GKT.7/10,FA
LT 1C,Senin,10,14.45 - 15.30,331-241-107,Kalkulus,"Aji Hari Riyadi, S.T., M.T. /  Haidar Ali Fathin Naufal, S.T., M.T.",GKT.7/10,"AHR, HAF"
LT 1C,Senin,ISTIRAHAT,ISTIRAHAT,,#N/A,"#N/A",,
LT 1C,Senin,11,16.00 - 16.45,331-241-107,Kalkulus,"Aji Hari Riyadi, S.T., M.T. /  Haidar Ali Fathin Naufal, S.T., M.T.",GKT.7/10,"AHR, HAF"
LT 1C,Senin,12,16.45 - 17.30,331-241-107,Kalkulus,"Aji Hari Riyadi, S.T., M.T. /  Haidar Ali Fathin Naufal, S.T., M.T.",GKT.7/10,"AHR, HAF"
LT 1C,Senin,13,17.30 - 18.15,331-241-107,Kalkulus,"Aji Hari Riyadi, S.T., M.T. /  Haidar Ali Fathin Naufal, S.T., M.T.",GKT.7/10,"AHR, HAF"
LT 1C,Selasa,1,07.00 - 07.45,331-241-110,Rangkaian Listrik DC,"Syahid, S.T., M.Eng.",LabMeka,SY
LT 1C,Selasa,2,07.45 - 08.30,331-241-110,Rangkaian Listrik DC,"Syahid, S.T., M.Eng.",LabMeka,SY
LT 1C,Selasa,3,08.30 - 09.15,331-241-110,Rangkaian Listrik DC,"Syahid, S.T., M.Eng.",LabMeka,SY
LT 1C,Selasa,ISTIRAHAT,ISTIRAHAT,,#N/A,"#N/A",,
LT 1C,Selasa,4,09.35 - 10.20,331-241-110,Rangkaian Listrik DC,"Syahid, S.T., M.Eng.",LabMeka,SY
LT 1C,Selasa,9,14.00 - 14.45,331-241-102,Bahasa Indonesia,"Rio Devilito S.Pd., M.Pd.",GKT.7/10,RD
LT 1C,Selasa,10,14.45 - 15.30,331-241-102,Bahasa Indonesia,"Rio Devilito S.Pd., M.Pd.",GKT.7/10,RD
LT 1C,Rabu,ISTIRAHAT,ISTIRAHAT,,#N/A,"#N/A",,
LT 1C,Rabu,4,09.35 - 10.20,331-241-104,Elektronika Analog,"Lilik Eko Nuryanto, B.Eng., M.Kom.",SBI/08,LE
LT 1C,Rabu,5,10.20 - 11.05,331-241-104,Elektronika Analog,"Lilik Eko Nuryanto, B.Eng., M.Kom.",SBI/08,LE
LT 1C,Rabu,6,11.05 - 11.50,331-241-104,Elektronika Analog,"Lilik Eko Nuryanto, B.Eng., M.Kom.",SBI/08,LE
LT 1C,Rabu,ISTIRAHAT,ISTIRAHAT,,#N/A,"#N/A",,
LT 1C,Rabu,7,12.30 - 13.15,331-241-108,Praktek Dasar Mekanik,"Aji Hari Riyadi, S.T., M.T.",WST,AHR
LT 1C,Rabu,8,13.15 - 14.00,331-241-108,Praktek Dasar Mekanik,"Aji Hari Riyadi, S.T., M.T.",WST,AHR
LT 1C,Rabu,9,14.00 - 14.45,331-241-108,Praktek Dasar Mekanik,"Aji Hari Riyadi, S.T., M.T.",WST,AHR
LT 1C,Rabu,10,14.45 - 15.30,331-241-108,Praktek Dasar Mekanik,"Aji Hari Riyadi, S.T., M.T.",WST,AHR
LT 1C,Rabu,ISTIRAHAT,ISTIRAHAT,,#N/A,"#N/A",,
LT 1C,Rabu,11,16.00 - 16.45,331-241-108,Praktek Dasar Mekanik,"Aji Hari Riyadi, S.T., M.T.",WST,AHR
LT 1C,Rabu,12,16.45 - 17.30,331-241-108,Praktek Dasar Mekanik,"Aji Hari Riyadi, S.T., M.T.",WST,AHR
LT 1C,Kamis,3,08.30 - 09.15,331-241-103,Dasar Instalasi Listrik,"Adi Wasono, B.Eng., M.Eng.",MulMed,AW
LT 1C,Kamis,ISTIRAHAT,ISTIRAHAT,,#N/A,"#N/A",,
LT 1C,Kamis,4,09.35 - 10.20,331-241-103,Dasar Instalasi Listrik,"Adi Wasono, B.Eng., M.Eng.",MulMed,AW
LT 1C,Kamis,5,10.20 - 11.05,331-241-106,Gambar Teknik,"Akhmad Jamaah, S.T., M.Eng.",labGbr,AJ
LT 1C,Kamis,6,11.05 - 11.50,331-241-106,Gambar Teknik,"Akhmad Jamaah, S.T., M.Eng.",labGbr,AJ
LT 1C,Kamis,ISTIRAHAT,ISTIRAHAT,,#N/A,"#N/A",,
LT 1C,Kamis,7,12.30 - 13.15,331-241-106,Gambar Teknik,"Akhmad Jamaah, S.T., M.Eng.",labGbr,AJ
LT 1C,Kamis,8,13.15 - 14.00,331-241-106,Gambar Teknik,"Akhmad Jamaah, S.T., M.Eng.",labGbr,AJ
LT 1C,Jumat,1,07.00 - 07.45,331-241-109,Rancangan Instalasi Listrik,"Drs. Amir Subagyo, M.M.",LabTim,AS
LT 1C,Jumat,2,07.45 - 08.30,331-241-109,Rancangan Instalasi Listrik,"Drs. Amir Subagyo, M.M.",LabTim,AS
LT 1C,Jumat,3,08.30 - 09.15,331-241-109,Rancangan Instalasi Listrik,"Drs. Amir Subagyo, M.M.",LabTim,AS
LT 1C,Jumat,ISTIRAHAT,ISTIRAHAT,,#N/A,"#N/A",,
LT 1C,Jumat,4,09.35 - 10.20,331-241-109,Rancangan Instalasi Listrik,"Drs. Amir Subagyo, M.M.",LabTim,AS
LT 1C,Jumat,5,10.20 - 11.05,331-241-109,Rancangan Instalasi Listrik,"Drs. Amir Subagyo, M.M.",LabTim,AS
LT 1C,Jumat,6,11.05 - 11.50,331-241-109,Rancangan Instalasi Listrik,"Drs. Amir Subagyo, M.M.",LabTim,AS
LT 1C,Jumat,8,13.15 - 14.00,331-241-101,Alat Ukur & Pengukuran Listrik,"Achmad Hardito,B.Tech , M.Kom",SBI/08,AH
LT 1C,Jumat,9,14.00 - 14.45,331-241-101,Alat Ukur & Pengukuran Listrik,"Achmad Hardito,B.Tech , M.Kom",SBI/08,AH
LT 1C,Jumat,10,14.45 - 15.30,331-241-101,Alat Ukur & Pengukuran Listrik,"Achmad Hardito,B.Tech , M.Kom",SBI/08,AH
LT 1D,Senin,1,07.00 - 07.45,331-241-106,Gambar Teknik,"Akhmad Jamaah, S.T., M.Eng.",labGbr,AJ
LT 1D,Senin,2,07.45 - 08.30,331-241-106,Gambar Teknik,"Akhmad Jamaah, S.T., M.Eng.",labGbr,AJ
LT 1D,Senin,3,08.30 - 09.15,331-241-106,Gambar Teknik,"Akhmad Jamaah, S.T., M.Eng.",labGbr,AJ
LT 1D,Senin,ISTIRAHAT,ISTIRAHAT,,#N/A,#N/A,,
LT 1D,Senin,4,09.35 - 10.20,331-241-106,Gambar Teknik,"Akhmad Jamaah, S.T., M.Eng.",labGbr,AJ
LT 1D,Senin,ISTIRAHAT,ISTIRAHAT,,#N/A,"#N/A",,
LT 1D,Senin,7,12.30 - 13.15,331-241-109,Rancangan Instalasi Listrik,"Drs. Amir Subagyo, M.M.",LabBar,AS
LT 1D,Senin,8,13.15 - 14.00,331-241-109,Rancangan Instalasi Listrik,"Drs. Amir Subagyo, M.M.",LabBar,AS
LT 1D,Senin,9,14.00 - 14.45,331-241-109,Rancangan Instalasi Listrik,"Drs. Amir Subagyo, M.M.",LabBar,AS
LT 1D,Senin,10,14.45 - 15.30,331-241-109,Rancangan Instalasi Listrik,"Drs. Amir Subagyo, M.M.",LabBar,AS
LT 1D,Senin,ISTIRAHAT,ISTIRAHAT,,#N/A,"#N/A",,
LT 1D,Senin,11,16.00 - 16.45,331-241-109,Rancangan Instalasi Listrik,"Drs. Amir Subagyo, M.M.",LabBar,AS
LT 1D,Senin,12,16.45 - 17.30,331-241-109,Rancangan Instalasi Listrik,"Drs. Amir Subagyo, M.M.",LabBar,AS
LT 1D,Selasa,3,08.30 - 09.15,331-241-102,Bahasa Indonesia,"Rio Devilito S.Pd., M.Pd.",GKT.8/11,RD
LT 1D,Selasa,ISTIRAHAT,ISTIRAHAT,,#N/A,#N/A,,
LT 1D,Selasa,4,09.35 - 10.20,331-241-102,Bahasa Indonesia,"Rio Devilito S.Pd., M.Pd.",GKT.8/11,RD
LT 1D,Selasa,5,10.20 - 11.05,331-241-110,Rangkaian Listrik DC,"Syahid, S.T., M.Eng.",LabMeka,SY
LT 1D,Selasa,6,11.05 - 11.50,331-241-110,Rangkaian Listrik DC,"Syahid, S.T., M.Eng.",LabMeka,SY
LT 1D,Selasa,ISTIRAHAT,ISTIRAHAT,,#N/A,"#N/A",,
LT 1D,Selasa,7,12.30 - 13.15,331-241-110,Rangkaian Listrik DC,"Syahid, S.T., M.Eng.",LabMeka,SY
LT 1D,Selasa,8,13.15 - 14.00,331-241-110,Rangkaian Listrik DC,"Syahid, S.T., M.Eng.",LabMeka,SY
LT 1D,Selasa,9,14.00 - 14.45,331-241-105,Fisika Listrik,"Friska Ayu Fitriani Sugiono, S.Si., M.T",LabMeka,FA
LT 1D,Selasa,10,14.45 - 15.30,331-241-105,Fisika Listrik,"Friska Ayu Fitriani Sugiono, S.Si., M.T",LabMeka,FA
LT 1D,Selasa,ISTIRAHAT,ISTIRAHAT,,#N/A,#N/A,,
LT 1D,Selasa,11,16.00 - 16.45,331-241-105,Fisika Listrik,"Friska Ayu Fitriani Sugiono, S.Si., M.T",LabMeka,FA
LT 1D,Rabu,1,07.00 - 07.45,331-241-101,Alat Ukur & Pengukuran Listrik,"Achmad Hardito,B.Tech , M.Kom",MulMed,AH
LT 1D,Rabu,2,07.45 - 08.30,331-241-101,Alat Ukur & Pengukuran Listrik,"Achmad Hardito,B.Tech , M.Kom",MulMed,AH
LT 1D,Rabu,3,08.30 - 09.15,331-241-101,Alat Ukur & Pengukuran Listrik,"Achmad Hardito,B.Tech , M.Kom",MulMed,AH
LT 1D,Rabu,ISTIRAHAT,ISTIRAHAT,,#N/A,#N/A,,
LT 1D,Rabu,7,12.30 - 13.15,331-241-104,Elektronika Analog,"Lilik Eko Nuryanto, B.Eng., M.Kom.",SBI/08,LE
LT 1D,Rabu,8,13.15 - 14.00,331-241-104,Elektronika Analog,"Lilik Eko Nuryanto, B.Eng., M.Kom.",SBI/08,LE
LT 1D,Rabu,9,14.00 - 14.45,331-241-104,Elektronika Analog,"Lilik Eko Nuryanto, B.Eng., M.Kom.",SBI/08,LE
LT 1D,Kamis,ISTIRAHAT,ISTIRAHAT,,#N/A,"#N/A",,
LT 1D,Kamis,7,12.30 - 13.15,331-241-103,Dasar Instalasi Listrik,"Adi Wasono, B.Eng., M.Eng.",MulMed,AW
LT 1D,Kamis,8,13.15 - 14.00,331-241-103,Dasar Instalasi Listrik,"Adi Wasono, B.Eng., M.Eng.",MulMed,AW
LT 1D,Kamis,9,14.00 - 14.45,331-241-107,Kalkulus,"Aji Hari Riyadi, S.T., M.T. /  Haidar Ali Fathin Naufal, S.T., M.T.",SBI/08,"AHR, HAF"
LT 1D,Kamis,10,14.45 - 15.30,331-241-107,Kalkulus,"Aji Hari Riyadi, S.T., M.T. /  Haidar Ali Fathin Naufal, S.T., M.T.",SBI/08,"AHR, HAF"
LT 1D,Kamis,ISTIRAHAT,ISTIRAHAT,,#N/A,"#N/A",,
LT 1D,Kamis,11,16.00 - 16.45,331-241-107,Kalkulus,"Aji Hari Riyadi, S.T., M.T. /  Haidar Ali Fathin Naufal, S.T., M.T.",SBI/08,"AHR, HAF"
LT 1D,Kamis,12,16.45 - 17.30,331-241-107,Kalkulus,"Aji Hari Riyadi, S.T., M.T. /  Haidar Ali Fathin Naufal, S.T., M.T.",SBI/08,"AHR, HAF"
LT 1D,Jumat,1,07.00 - 07.45,331-241-108,Praktek Dasar Mekanik,"Aji Hari Riyadi, S.T., M.T.",WST,AHR
LT 1D,Jumat,2,07.45 - 08.30,331-241-108,Praktek Dasar Mekanik,"Aji Hari Riyadi, S.T., M.T.",WST,AHR
LT 1D,Jumat,3,08.30 - 09.15,331-241-108,Praktek Dasar Mekanik,"Aji Hari Riyadi, S.T., M.T.",WST,AHR
LT 1D,Jumat,ISTIRAHAT,ISTIRAHAT,,#N/A,"#N/A",,
LT 1D,Jumat,4,09.35 - 10.20,331-241-108,Praktek Dasar Mekanik,"Aji Hari Riyadi, S.T., M.T.",WST,AHR
LT 1D,Jumat,5,10.20 - 11.05,331-241-108,Praktek Dasar Mekanik,"Aji Hari Riyadi, S.T., M.T.",WST,AHR
LT 1D,Jumat,6,11.05 - 11.50,331-241-108,Praktek Dasar Mekanik,"Aji Hari Riyadi, S.T., M.T.",WST,AHR
IL 1A,Senin,1,07.00 - 07.45,433-241-107,Matematika Dasar,"Dra. Endang Triyani, M.Pd.",SBI/09,ET
IL 1A,Senin,2,07.45 - 08.30,433-241-107,Matematika Dasar,"Dra. Endang Triyani, M.Pd.",SBI/09,ET
IL 1A,Senin,3,08.30 - 09.15,433-241-107,Matematika Dasar,"Dra. Endang Triyani, M.Pd.",SBI/09,ET
IL 1A,Senin,ISTIRAHAT,ISTIRAHAT,,#N/A,#N/A,,
IL 1A,Senin,4,09.35 - 10.20,433-241-107,Matematika Dasar,"Dra. Endang Triyani, M.Pd.",SBI/09,ET
IL 1A,Senin,5,10.20 - 11.05,433-241-104,Gambar Teknik,"Akhmad Jamaah, S.T., M.Eng. / Byan Bagas Pradana S.T., M.T.",SBI/06,"AJ, BB"
IL 1A,Senin,6,11.05 - 11.50,433-241-104,Gambar Teknik,"Akhmad Jamaah, S.T., M.Eng. / Byan Bagas Pradana S.T., M.T.",SBI/06,"AJ, BB"
IL 1A,Senin,ISTIRAHAT,ISTIRAHAT,,#N/A,#N/A,,
IL 1A,Senin,7,12.30 - 13.15,433-241-104,Gambar Teknik,"Akhmad Jamaah, S.T., M.Eng. / Byan Bagas Pradana S.T., M.T.",SBI/06,"AJ, BB"
IL 1A,Senin,8,13.15 - 14.00,433-241-104,Gambar Teknik,"Akhmad Jamaah, S.T., M.Eng. / Byan Bagas Pradana S.T., M.T.",SBI/06,"AJ, BB"
IL 1A,Senin,9,14.00 - 14.45,433-241-104,Gambar Teknik,"Akhmad Jamaah, S.T., M.Eng. / Byan Bagas Pradana S.T., M.T.",SBI/06,"AJ, BB"
IL 1A,Senin,10,14.45 - 15.30,433-241-104,Gambar Teknik,"Akhmad Jamaah, S.T., M.Eng. / Byan Bagas Pradana S.T., M.T.",SBI/06,"AJ, BB"
IL 1A,Selasa,1,07.00 - 07.45,433-241-102,Elektronika Analog,"Lilik Eko Nuryanto, B.Eng., M.Kom.",SBI/08,LE
IL 1A,Selasa,2,07.45 - 08.30,433-241-102,Elektronika Analog,"Lilik Eko Nuryanto, B.Eng., M.Kom.",SBI/08,LE
IL 1A,Selasa,3,08.30 - 09.15,433-241-102,Elektronika Analog,"Lilik Eko Nuryanto, B.Eng., M.Kom.",SBI/08,LE
IL 1A,Selasa,ISTIRAHAT,ISTIRAHAT,,#N/A,"#N/A",,
IL 1A,Selasa,4,09.35 - 10.20,433-241-106,Instrumentasi & Alat Ukur,"Achmad Hardito,B.Tech , M.Kom",SBI/09,AH
IL 1A,Selasa,5,10.20 - 11.05,433-241-106,Instrumentasi & Alat Ukur,"Achmad Hardito,B.Tech , M.Kom",SBI/09,AH
IL 1A,Selasa,6,11.05 - 11.50,433-241-106,Instrumentasi & Alat Ukur,"Achmad Hardito,B.Tech , M.Kom",SBI/09,AH
IL 1A,Rabu,1,07.00 - 07.45,433-241-108,Pendidikan Agama,"Khamami, S.Ag., MM",GKT.8/11,KM
IL 1A,Rabu,2,07.45 - 08.30,433-241-108,Pendidikan Agama,"Khamami, S.Ag., MM",GKT.8/11,KM
IL 1A,Rabu,3,08.30 - 09.15,433-241-101,Bahasa Inggris,"Danu Angga Vebriyanto, M.Pd. / Astri Wulandari, M.Pd.",GKT.7/11,"DAV, ASW"
IL 1A,Rabu,ISTIRAHAT,ISTIRAHAT,,#N/A,"#N/A",,
IL 1A,Rabu,4,09.35 - 10.20,433-241-101,Bahasa Inggris,"Danu Angga Vebriyanto, M.Pd. / Astri Wulandari, M.Pd.",GKT.7/11,"DAV, ASW"
IL 1A,Rabu,9,14.00 - 14.45,433-241-103,Fisika Listrik,"Adeguna Ridlo Pramurti, S.Pd., M.Eng.",LabMikro,AR
IL 1A,Rabu,10,14.45 - 15.30,433-241-103,Fisika Listrik,"Adeguna Ridlo Pramurti, S.Pd., M.Eng.",LabMikro,AR
IL 1A,Rabu,ISTIRAHAT,ISTIRAHAT,,#N/A,"#N/A",,
IL 1A,Rabu,11,16.00 - 16.45,433-241-103,Fisika Listrik,"Adeguna Ridlo Pramurti, S.Pd., M.Eng.",LabMikro,AR
IL 1A,Kamis,1,07.00 - 07.45,433-241-110,Rangkaian Listrik I,"Lilik Eko Nuryanto, B.Eng., M.Kom.",SBI/06,LE
IL 1A,Kamis,2,07.45 - 08.30,433-241-110,Rangkaian Listrik I,"Lilik Eko Nuryanto, B.Eng., M.Kom.",SBI/06,LE
IL 1A,Kamis,3,08.30 - 09.15,433-241-110,Rangkaian Listrik I,"Lilik Eko Nuryanto, B.Eng., M.Kom.",SBI/06,LE
IL 1A,Kamis,ISTIRAHAT,ISTIRAHAT,,#N/A,"#N/A",,
IL 1A,Kamis,4,09.35 - 10.20,433-241-110,Rangkaian Listrik I,"Lilik Eko Nuryanto, B.Eng., M.Kom.",SBI/06,LE
IL 1A,Kamis,5,10.20 - 11.05,433-241-105,Instalasi Listrik,"Pangestuningtyas Diah Larasati, S.T., M.T.",GKT.7/10,PT
IL 1A,Kamis,6,11.05 - 11.50,433-241-105,Instalasi Listrik,"Pangestuningtyas Diah Larasati, S.T., M.T.",GKT.7/10,PT
IL 1A,Kamis,ISTIRAHAT,ISTIRAHAT,,#N/A,#N/A,,
IL 1A,Kamis,7,12.30 - 13.15,433-241-105,Instalasi Listrik,"Pangestuningtyas Diah Larasati, S.T., M.T.",GKT.7/10,PT
IL 1A,Jumat,8,13.15 - 14.00,433-241-109,Prak Rancangan Listrik I,"Akhmad Jamaah, S.T., M.Eng. / Byan Bagas Pradana S.T., M.T.",LabTim,"AJ, BB"
IL 1A,Jumat,9,14.00 - 14.45,433-241-109,Prak Rancangan Listrik I,"Akhmad Jamaah, S.T., M.Eng. / Byan Bagas Pradana S.T., M.T.",LabTim,"AJ, BB"
IL 1A,Jumat,10,14.45 - 15.30,433-241-109,Prak Rancangan Listrik I,"Akhmad Jamaah, S.T., M.Eng. / Byan Bagas Pradana S.T., M.T.",LabTim,"AJ, BB"
IL 1A,Jumat,ISTIRAHAT,ISTIRAHAT,,#N/A,"#N/A",,
IL 1A,Jumat,11,16.00 - 16.45,433-241-109,Prak Rancangan Listrik I,"Akhmad Jamaah, S.T., M.Eng. / Byan Bagas Pradana S.T., M.T.",LabTim,"AJ, BB"
IL 1A,Jumat,12,16.45 - 17.30,433-241-109,Prak Rancangan Listrik I,"Akhmad Jamaah, S.T., M.Eng. / Byan Bagas Pradana S.T., M.T.",LabTim,"AJ, BB"
IL 1A,Jumat,13,17.30 - 18.15,433-241-109,Prak Rancangan Listrik I,"Akhmad Jamaah, S.T., M.Eng. / Byan Bagas Pradana S.T., M.T.",LabTim,"AJ, BB"
IL 1B,Senin,5,10.20 - 11.05,433-241-107,Matematika Dasar,"Dra. Endang Triyani, M.Pd.",SBI/09,ET
IL 1B,Senin,6,11.05 - 11.50,433-241-107,Matematika Dasar,"Dra. Endang Triyani, M.Pd.",SBI/09,ET
IL 1B,Senin,ISTIRAHAT,ISTIRAHAT,,#N/A,"#N/A",,
IL 1B,Senin,7,12.30 - 13.15,433-241-107,Matematika Dasar,"Dra. Endang Triyani, M.Pd.",SBI/09,ET
IL 1B,Senin,8,13.15 - 14.00,433-241-107,Matematika Dasar,"Dra. Endang Triyani, M.Pd.",SBI/09,ET
IL 1B,Senin,ISTIRAHAT,ISTIRAHAT,,#N/A,"#N/A",,
IL 1B,Senin,11,16.00 - 16.45,433-241-103,Fisika Listrik,"Adeguna Ridlo Pramurti, S.Pd., M.Eng.",SBI/09,AR
IL 1B,Senin,12,16.45 - 17.30,433-241-103,Fisika Listrik,"Adeguna Ridlo Pramurti, S.Pd., M.Eng.",SBI/09,AR
IL 1B,Senin,13,17.30 - 18.15,433-241-103,Fisika Listrik,"Adeguna Ridlo Pramurti, S.Pd., M.Eng.",SBI/09,AR
IL 1B,Selasa,ISTIRAHAT,ISTIRAHAT,,#N/A,"#N/A",,
IL 1B,Selasa,4,09.35 - 10.20,433-241-102,Elektronika Analog,"Lilik Eko Nuryanto, B.Eng., M.Kom.",SBI/08,LE
IL 1B,Selasa,5,10.20 - 11.05,433-241-102,Elektronika Analog,"Lilik Eko Nuryanto, B.Eng., M.Kom.",SBI/08,LE
IL 1B,Selasa,6,11.05 - 11.50,433-241-102,Elektronika Analog,"Lilik Eko Nuryanto, B.Eng., M.Kom.",SBI/08,LE
IL 1B,Selasa,ISTIRAHAT,ISTIRAHAT,,#N/A,"#N/A",,
IL 1B,Selasa,7,12.30 - 13.15,433-241-104,Gambar Teknik,"Akhmad Jamaah, S.T., M.Eng. / Nur Hidayat Arief, ST., MT.",SBI/06,"AJ, NH"
IL 1B,Selasa,8,13.15 - 14.00,433-241-104,Gambar Teknik,"Akhmad Jamaah, S.T., M.Eng. / Nur Hidayat Arief, ST., MT.",SBI/06,"AJ, NH"
IL 1B,Selasa,9,14.00 - 14.45,433-241-104,Gambar Teknik,"Akhmad Jamaah, S.T., M.Eng. / Nur Hidayat Arief, ST., MT.",SBI/06,"AJ, NH"
IL 1B,Selasa,10,14.45 - 15.30,433-241-104,Gambar Teknik,"Akhmad Jamaah, S.T., M.Eng. / Nur Hidayat Arief, ST., MT.",SBI/06,"AJ, NH"
IL 1B,Selasa,ISTIRAHAT,ISTIRAHAT,,#N/A,"#N/A",,
IL 1B,Selasa,11,16.00 - 16.45,433-241-104,Gambar Teknik,"Akhmad Jamaah, S.T., M.Eng. / Nur Hidayat Arief, ST., MT.",SBI/06,"AJ, NH"
IL 1B,Selasa,12,16.45 - 17.30,433-241-104,Gambar Teknik,"Akhmad Jamaah, S.T., M.Eng. / Nur Hidayat Arief, ST., MT.",SBI/06,"AJ, NH"
IL 1B,Rabu,3,08.30 - 09.15,433-241-108,Pendidikan Agama,"Khamami, S.Ag., MM",GKT.8/11,KM
IL 1B,Rabu,ISTIRAHAT,ISTIRAHAT,,#N/A,"#N/A",,
IL 1B,Rabu,4,09.35 - 10.20,433-241-108,Pendidikan Agama,"Khamami, S.Ag., MM",GKT.8/11,"KM"
IL 1B,Rabu,5,10.20 - 11.05,433-241-101,Bahasa Inggris,"Danu Angga Vebriyanto, M.Pd. / Astri Wulandari, M.Pd.",GKT.7/11,"DAV, ASW"
IL 1B,Rabu,6,11.05 - 11.50,433-241-101,Bahasa Inggris,"Danu Angga Vebriyanto, M.Pd. / Astri Wulandari, M.Pd.",GKT.7/11,"DAV, ASW"
IL 1B,Kamis,1,07.00 - 07.45,433-241-105,Instalasi Listrik,"Pangestuningtyas Diah Larasati, S.T., M.T.",GKT.7/11,PT
IL 1B,Kamis,2,07.45 - 08.30,433-241-105,Instalasi Listrik,"Pangestuningtyas Diah Larasati, S.T., M.T.",GKT.7/11,PT
IL 1B,Kamis,3,08.30 - 09.15,433-241-105,Instalasi Listrik,"Pangestuningtyas Diah Larasati, S.T., M.T.",GKT.7/11,PT
IL 1B,Kamis,5,10.20 - 11.05,433-241-110,Rangkaian Listrik I,"Lilik Eko Nuryanto, B.Eng., M.Kom.",SBI/06,LE
IL 1B,Kamis,6,11.05 - 11.50,433-241-110,Rangkaian Listrik I,"Lilik Eko Nuryanto, B.Eng., M.Kom.",SBI/06,LE
IL 1B,Kamis,ISTIRAHAT,ISTIRAHAT,,#N/A,"#N/A",,
IL 1B,Kamis,7,12.30 - 13.15,433-241-110,Rangkaian Listrik I,"Lilik Eko Nuryanto, B.Eng., M.Kom.",SBI/06,LE
IL 1B,Kamis,8,13.15 - 14.00,433-241-110,Rangkaian Listrik I,"Lilik Eko Nuryanto, B.Eng., M.Kom.",SBI/06,LE
IL 1B,Kamis,9,14.00 - 14.45,433-241-106,Instrumentasi & Alat Ukur,"Achmad Hardito,B.Tech , M.Kom",MulMed,AH
IL 1B,Kamis,10,14.45 - 15.30,433-241-106,Instrumentasi & Alat Ukur,"Achmad Hardito,B.Tech , M.Kom",MulMed,AH
IL 1B,Kamis,ISTIRAHAT,ISTIRAHAT,,#N/A,"#N/A",,
IL 1B,Kamis,11,16.00 - 16.45,433-241-106,Instrumentasi & Alat Ukur,"Achmad Hardito,B.Tech , M.Kom",MulMed,AH
IL 1B,Jumat,1,07.00 - 07.45,433-241-109,Prak Rancangan Listrik I,"Akhmad Jamaah, S.T., M.Eng.",LabBar,AJ
IL 1B,Jumat,2,07.45 - 08.30,433-241-109,Prak Rancangan Listrik I,"Akhmad Jamaah, S.T., M.Eng.",LabBar,AJ
IL 1B,Jumat,3,08.30 - 09.15,433-241-109,Prak Rancangan Listrik I,"Akhmad Jamaah, S.T., M.Eng.",LabBar,AJ
IL 1B,Jumat,ISTIRAHAT,ISTIRAHAT,,#N/A,"#N/A",,
IL 1B,Jumat,4,09.35 - 10.20,433-241-109,Prak Rancangan Listrik I,"Akhmad Jamaah, S.T., M.Eng.",LabBar,AJ
IL 1B,Jumat,5,10.20 - 11.05,433-241-109,Prak Rancangan Listrik I,"Akhmad Jamaah, S.T., M.Eng.",LabBar,AJ
IL 1B,Jumat,6,11.05 - 11.50,433-241-109,Prak Rancangan Listrik I,"Akhmad Jamaah, S.T., M.Eng.",LabBar,AJ
IL 1C,Senin,2,07.45 - 08.30,433-241-102,Elektronika Analog,"Lilik Eko Nuryanto, B.Eng., M.Kom.",SBI/06,LE
IL 1C,Senin,3,08.30 - 09.15,433-241-102,Elektronika Analog,"Lilik Eko Nuryanto, B.Eng., M.Kom.",SBI/06,LE
IL 1C,Senin,ISTIRAHAT,ISTIRAHAT,,#N/A,"#N/A",,
IL 1C,Senin,4,09.35 - 10.20,433-241-102,Elektronika Analog,"Lilik Eko Nuryanto, B.Eng., M.Kom.",SBI/06,LE
IL 1C,Senin,5,10.20 - 11.05,433-241-105,Instalasi Listrik,"Pangestuningtyas Diah Larasati, S.T., M.T.",LabMeka,PT
IL 1C,Senin,6,11.05 - 11.50,433-241-105,Instalasi Listrik,"Pangestuningtyas Diah Larasati, S.T., M.T.",LabMeka,PT
IL 1C,Senin,ISTIRAHAT,ISTIRAHAT,,#N/A,"#N/A",,
IL 1C,Senin,7,12.30 - 13.15,433-241-105,Instalasi Listrik,"Pangestuningtyas Diah Larasati, S.T., M.T.",LabMeka,PT
IL 1C,Senin,8,13.15 - 14.00,433-241-103,Fisika Listrik,"Adeguna Ridlo Pramurti, S.Pd., M.Eng.",SBI/08,AR
IL 1C,Senin,9,14.00 - 14.45,433-241-103,Fisika Listrik,"Adeguna Ridlo Pramurti, S.Pd., M.Eng.",SBI/08,AR
IL 1C,Senin,10,14.45 - 15.30,433-241-103,Fisika Listrik,"Adeguna Ridlo Pramurti, S.Pd., M.Eng.",SBI/08,AR
IL 1C,Selasa,1,07.00 - 07.45,433-241-104,Gambar Teknik,"Akhmad Jamaah, S.T., M.Eng.",SBI/06,AJ
IL 1C,Selasa,2,07.45 - 08.30,433-241-104,Gambar Teknik,"Akhmad Jamaah, S.T., M.Eng.",SBI/06,AJ
IL 1C,Selasa,3,08.30 - 09.15,433-241-104,Gambar Teknik,"Akhmad Jamaah, S.T., M.Eng.",SBI/06,AJ
IL 1C,Selasa,ISTIRAHAT,ISTIRAHAT,,#N/A,"#N/A",,
IL 1C,Selasa,4,09.35 - 10.20,433-241-104,Gambar Teknik,"Akhmad Jamaah, S.T., M.Eng.",SBI/06,AJ
IL 1C,Selasa,5,10.20 - 11.05,433-241-104,Gambar Teknik,"Akhmad Jamaah, S.T., M.Eng.",SBI/06,AJ
IL 1C,Selasa,6,11.05 - 11.50,433-241-104,Gambar Teknik,"Akhmad Jamaah, S.T., M.Eng.",SBI/06,AJ
IL 1C,Rabu,1,07.00 - 07.45,433-241-107,Matematika Dasar,"Dra. Endang Triyani, M.Pd.",SBI/09,ET
IL 1C,Rabu,2,07.45 - 08.30,433-241-107,Matematika Dasar,"Dra. Endang Triyani, M.Pd.",SBI/09,ET
IL 1C,Rabu,3,08.30 - 09.15,433-241-107,Matematika Dasar,"Dra. Endang Triyani, M.Pd.",SBI/09,ET
IL 1C,Rabu,ISTIRAHAT,ISTIRAHAT,,#N/A,"#N/A",,
IL 1C,Rabu,4,09.35 - 10.20,433-241-107,Matematika Dasar,"Dra. Endang Triyani, M.Pd.",SBI/09,ET
IL 1C,Rabu,5,10.20 - 11.05,433-241-108,Pendidikan Agama,"Khamami, S.Ag., MM",GKT.8/11,KM
IL 1C,Rabu,6,11.05 - 11.50,433-241-108,Pendidikan Agama,"Khamami, S.Ag., MM",GKT.8/11,KM
IL 1C,Rabu,ISTIRAHAT,ISTIRAHAT,,#N/A,"#N/A",,
IL 1C,Rabu,7,12.30 - 13.15,433-241-101,Bahasa Inggris,"Danu Angga Vebriyanto, M.Pd. / Astri Wulandari, M.Pd.",GKT.7/11,"DAV, ASW"
IL 1C,Rabu,8,13.15 - 14.00,433-241-101,Bahasa Inggris,"Danu Angga Vebriyanto, M.Pd. / Astri Wulandari, M.Pd.",GKT.7/11,"DAV, ASW"
IL 1C,Kamis,1,07.00 - 07.45,433-241-109,Prak Rancangan Listrik I,"Yusnan Badruzzaman, S.T., M.Eng.",LabBar,YB
IL 1C,Kamis,2,07.45 - 08.30,433-241-109,Prak Rancangan Listrik I,"Yusnan Badruzzaman, S.T., M.Eng.",LabBar,YB
IL 1C,Kamis,3,08.30 - 09.15,433-241-109,Prak Rancangan Listrik I,"Yusnan Badruzzaman, S.T., M.Eng.",LabBar,YB
IL 1C,Kamis,ISTIRAHAT,ISTIRAHAT,,#N/A,"#N/A",,
IL 1C,Kamis,4,09.35 - 10.20,433-241-109,Prak Rancangan Listrik I,"Yusnan Badruzzaman, S.T., M.Eng.",LabBar,"YB"
IL 1C,Kamis,5,10.20 - 11.05,433-241-109,Prak Rancangan Listrik I,"Yusnan Badruzzaman, S.T., M.Eng.",LabBar,"YB"
IL 1C,Kamis,6,11.05 - 11.50,433-241-109,Prak Rancangan Listrik I,"Yusnan Badruzzaman, S.T., M.Eng.",LabBar,YB
IL 1C,Kamis,9,14.00 - 14.45,433-241-110,Rangkaian Listrik I,"Lilik Eko Nuryanto, B.Eng., M.Kom.",SBI/06,LE
IL 1C,Kamis,10,14.45 - 15.30,433-241-110,Rangkaian Listrik I,"Lilik Eko Nuryanto, B.Eng., M.Kom.",SBI/06,LE
IL 1C,Kamis,ISTIRAHAT,ISTIRAHAT,,#N/A,"#N/A",,
IL 1C,Kamis,11,16.00 - 16.45,433-241-110,Rangkaian Listrik I,"Lilik Eko Nuryanto, B.Eng., M.Kom.",SBI/06,LE
IL 1C,Kamis,12,16.45 - 17.30,433-241-110,Rangkaian Listrik I,"Lilik Eko Nuryanto, B.Eng., M.Kom.",SBI/06,LE
IL 1C,Jumat,ISTIRAHAT,ISTIRAHAT,,#N/A,"#N/A",,
IL 1C,Jumat,4,09.35 - 10.20,433-241-106,Instrumentasi & Alat Ukur,"Achmad Hardito,B.Tech , M.Kom",SBI/08,AH
IL 1C,Jumat,5,10.20 - 11.05,433-241-106,Instrumentasi & Alat Ukur,"Achmad Hardito,B.Tech , M.Kom",SBI/08,AH
IL 1C,Jumat,6,11.05 - 11.50,433-241-106,Instrumentasi & Alat Ukur,"Achmad Hardito,B.Tech , M.Kom",SBI/08,AH
LT 2A,Senin,1,07.00 - 07.45,331-241-305,Jaringan Distribusi Tenaga Listrik,"Drs. Agus Adiwismono, M.Eng. / Dyah Ratna Kusuma Mayang Sari , S.T.,M.T.",GKT.7/11,"AA, DRK"
LT 2A,Senin,2,07.45 - 08.30,331-241-305,Jaringan Distribusi Tenaga Listrik,"Drs. Agus Adiwismono, M.Eng. / Dyah Ratna Kusuma Mayang Sari , S.T.,M.T.",GKT.7/11,"AA, DRK"
LT 2A,Senin,3,08.30 - 09.15,331-241-305,Jaringan Distribusi Tenaga Listrik,"Drs. Agus Adiwismono, M.Eng. / Dyah Ratna Kusuma Mayang Sari , S.T.,M.T.",GKT.7/11,"AA, DRK"
LT 2A,Senin,ISTIRAHAT,ISTIRAHAT,,#N/A,"#N/A",,
LT 2A,Senin,4,09.35 - 10.20,331-241-305,Jaringan Distribusi Tenaga Listrik,"Drs. Agus Adiwismono, M.Eng. / Dyah Ratna Kusuma Mayang Sari , S.T.,M.T.",GKT.7/11,"AA, DRK"
LT 2A,Senin,5,10.20 - 11.05,331-241-302,Bahasa Inggris Teknik II,"Danu Angga Vebriyanto, M.Pd. / Astri Wulandari, M.Pd.",UPA-BHS,"DAV, ASW"
LT 2A,Senin,6,11.05 - 11.50,331-241-302,Bahasa Inggris Teknik II,"Danu Angga Vebriyanto, M.Pd. / Astri Wulandari, M.Pd.",UPA-BHS,"DAV, ASW"
LT 2A,Selasa,1,07.00 - 07.45,331-241-308,Praktikum Elektronika,"Adi Wasono, B.Eng., M.Eng.",LabTim,AW
LT 2A,Selasa,2,07.45 - 08.30,331-241-308,Praktikum Elektronika,"Adi Wasono, B.Eng., M.Eng.",LabTim,AW
LT 2A,Selasa,3,08.30 - 09.15,331-241-308,Praktikum Elektronika,"Adi Wasono, B.Eng., M.Eng.",LabTim,AW
LT 2A,Selasa,ISTIRAHAT,ISTIRAHAT,,#N/A,"#N/A",,
LT 2A,Selasa,4,09.35 - 10.20,331-241-308,Praktikum Elektronika,"Adi Wasono, B.Eng., M.Eng.",LabTim,AW
LT 2A,Selasa,5,10.20 - 11.05,331-241-308,Praktikum Elektronika,"Adi Wasono, B.Eng., M.Eng.",LabTim,AW
LT 2A,Selasa,6,11.05 - 11.50,331-241-308,Praktikum Elektronika,"Adi Wasono, B.Eng., M.Eng.",LabTim,AW
LT 2A,Selasa,13,17.30 - 18.15,331-241-310,Sistem Kendali,"Adeguna Ridlo Pramurti, S.Pd., M.Eng.",MulMed,AR
LT 2A,Selasa,ISTIRAHAT,ISTIRAHAT,,#N/A,"#N/A",,
LT 2A,Selasa,14,18.45 - 19.30,331-241-310,Sistem Kendali,"Adeguna Ridlo Pramurti, S.Pd., M.Eng.",MulMed,AR
LT 2A,Selasa,15,19.30 - 20.15,331-241-310,Sistem Kendali,"Adeguna Ridlo Pramurti, S.Pd., M.Eng.",MulMed,AR
LT 2A,Selasa,16,20.15 - 21.00,331-241-310,Sistem Kendali,"Adeguna Ridlo Pramurti, S.Pd., M.Eng.",MulMed,AR
LT 2A,Rabu,1,07.00 - 07.45,331-241-306,Mesin Listrik AC,"Ir. Mochammad Muqorrobin, M.Eng.",LabMikro,MM
LT 2A,Rabu,2,07.45 - 08.30,331-241-306,Mesin Listrik AC,"Ir. Mochammad Muqorrobin, M.Eng.",LabMikro,MM
LT 2A,Rabu,3,08.30 - 09.15,331-241-306,Mesin Listrik AC,"Ir. Mochammad Muqorrobin, M.Eng.",LabMikro,MM
LT 2A,Rabu,ISTIRAHAT,ISTIRAHAT,,#N/A,#N/A,,
LT 2A,Rabu,4,09.35 - 10.20,331-241-306,Mesin Listrik AC,"Ir. Mochammad Muqorrobin, M.Eng.",LabMikro,MM
LT 2A,Rabu,ISTIRAHAT,ISTIRAHAT,,#N/A,"#N/A",,
LT 2A,Rabu,11,16.00 - 16.45,331-241-303,Elektronika Daya,"Yusnan Badruzzaman, S.T., M.Eng. / Byan Bagas Pradana S.T., M.T.",MulMed,"YB, BB"
LT 2A,Rabu,12,16.45 - 17.30,331-241-303,Elektronika Daya,"Yusnan Badruzzaman, S.T., M.Eng. / Byan Bagas Pradana S.T., M.T.",MulMed,"YB, BB"
LT 2A,Rabu,13,17.30 - 18.15,331-241-303,Elektronika Daya,"Yusnan Badruzzaman, S.T., M.Eng. / Byan Bagas Pradana S.T., M.T.",MulMed,"YB, BB"
LT 2A,Rabu,ISTIRAHAT,ISTIRAHAT,,#N/A,"#N/A",,
LT 2A,Rabu,14,18.45 - 19.30,331-241-303,Elektronika Daya,"Yusnan Badruzzaman, S.T., M.Eng. / Byan Bagas Pradana S.T., M.T.",MulMed,"YB, BB"
LT 2A,Kamis,1,07.00 - 07.45,331-241-301,Pembangkit Tenaga Listrik,"Achmad Hardito,B.Tech , M.Kom",SBI/08,AH
LT 2A,Kamis,2,07.45 - 08.30,331-241-301,Pembangkit Tenaga Listrik,"Achmad Hardito,B.Tech , M.Kom",SBI/08,AH
LT 2A,Kamis,ISTIRAHAT,ISTIRAHAT,,#N/A,"#N/A",,
LT 2A,Kamis,7,12.30 - 13.15,331-241-309,Rancangan Listrik Kendali Industri,"Eriko Arvin Karuniawan S.ST., M.Eng.",LabBar,EA
LT 2A,Kamis,8,13.15 - 14.00,331-241-309,Rancangan Listrik Kendali Industri,"Eriko Arvin Karuniawan S.ST., M.Eng.",LabBar,EA
LT 2A,Kamis,9,14.00 - 14.45,331-241-309,Rancangan Listrik Kendali Industri,"Eriko Arvin Karuniawan S.ST., M.Eng.",LabBar,EA
LT 2A,Kamis,10,14.45 - 15.30,331-241-309,Rancangan Listrik Kendali Industri,"Eriko Arvin Karuniawan S.ST., M.Eng.",LabBar,EA
LT 2A,Kamis,ISTIRAHAT,ISTIRAHAT,,#N/A,"#N/A",,
LT 2A,Kamis,11,16.00 - 16.45,331-241-309,Rancangan Listrik Kendali Industri,"Eriko Arvin Karuniawan S.ST., M.Eng.",LabBar,EA
LT 2A,Kamis,12,16.45 - 17.30,331-241-309,Rancangan Listrik Kendali Industri,"Eriko Arvin Karuniawan S.ST., M.Eng.",LabBar,EA
LT 2A,Jumat,1,07.00 - 07.45,331-241-304,Instalasi Listrik Tenaga,"Drs. Daeng Supriyadi Pasisarha, S.T., M.Eng.",LabMeka,DS
LT 2A,Jumat,2,07.45 - 08.30,331-241-304,Instalasi Listrik Tenaga,"Drs. Daeng Supriyadi Pasisarha, S.T., M.Eng.",LabMeka,DS
LT 2A,Jumat,3,08.30 - 09.15,331-241-304,Instalasi Listrik Tenaga,"Drs. Daeng Supriyadi Pasisarha, S.T., M.Eng.",LabMeka,DS
LT 2A,Jumat,ISTIRAHAT,ISTIRAHAT,,#N/A,"#N/A",,
LT 2A,Jumat,4,09.35 - 10.20,331-241-304,Instalasi Listrik Tenaga,"Drs. Daeng Supriyadi Pasisarha, S.T., M.Eng.",LabMeka,"DS"
LT 2B,Senin,1,07.00 - 07.45,331-241-304,Instalasi Listrik Tenaga,"Drs. Daeng Supriyadi Pasisarha, S.T., M.Eng.",GKT.8/11,"DS"
LT 2B,Senin,2,07.45 - 08.30,331-241-304,Instalasi Listrik Tenaga,"Drs. Daeng Supriyadi Pasisarha, S.T., M.Eng.",GKT.8/11,DS
LT 2B,Senin,3,08.30 - 09.15,331-241-304,Instalasi Listrik Tenaga,"Drs. Daeng Supriyadi Pasisarha, S.T., M.Eng.",GKT.8/11,DS
LT 2B,Senin,ISTIRAHAT,ISTIRAHAT,,#N/A,"#N/A",,
LT 2B,Senin,4,09.35 - 10.20,331-241-304,Instalasi Listrik Tenaga,"Drs. Daeng Supriyadi Pasisarha, S.T., M.Eng.",GKT.8/11,"DS"
LT 2B,Senin,5,10.20 - 11.05,331-241-305,Jaringan Distribusi Tenaga Listrik,"Drs. Agus Adiwismono, M.Eng. / Dyah Ratna Kusuma Mayang Sari , S.T.,M.T.",GKT.7/11,"AA, DRK"
LT 2B,Senin,6,11.05 - 11.50,331-241-305,Jaringan Distribusi Tenaga Listrik,"Drs. Agus Adiwismono, M.Eng. / Dyah Ratna Kusuma Mayang Sari , S.T.,M.T.",GKT.7/11,"AA, DRK"
LT 2B,Senin,ISTIRAHAT,ISTIRAHAT,,#N/A,"#N/A",,
LT 2B,Senin,7,12.30 - 13.15,331-241-305,Jaringan Distribusi Tenaga Listrik,"Drs. Agus Adiwismono, M.Eng. / Dyah Ratna Kusuma Mayang Sari , S.T.,M.T.",GKT.7/11,"AA, DRK"
LT 2B,Senin,8,13.15 - 14.00,331-241-305,Jaringan Distribusi Tenaga Listrik,"Drs. Agus Adiwismono, M.Eng. / Dyah Ratna Kusuma Mayang Sari , S.T.,M.T.",GKT.7/11,"AA, DRK"
LT 2B,Senin,9,14.00 - 14.45,331-241-302,Bahasa Inggris Teknik II,"Danu Angga Vebriyanto, M.Pd. / Astri Wulandari, M.Pd.",UPA-BHS,"DAV, ASW"
LT 2B,Senin,10,14.45 - 15.30,331-241-302,Bahasa Inggris Teknik II,"Danu Angga Vebriyanto, M.Pd. / Astri Wulandari, M.Pd.",UPA-BHS,"DAV, ASW"
LT 2B,Selasa,1,07.00 - 07.45,331-241-309,Rancangan Listrik Kendali Industri,"Eriko Arvin Karuniawan S.ST., M.Eng.",LabBar,EA
LT 2B,Selasa,2,07.45 - 08.30,331-241-309,Rancangan Listrik Kendali Industri,"Eriko Arvin Karuniawan S.ST., M.Eng.",LabBar,EA
LT 2B,Selasa,3,08.30 - 09.15,331-241-309,Rancangan Listrik Kendali Industri,"Eriko Arvin Karuniawan S.ST., M.Eng.",LabBar,EA
LT 2B,Selasa,ISTIRAHAT,ISTIRAHAT,,#N/A,"#N/A",,
LT 2B,Selasa,4,09.35 - 10.20,331-241-309,Rancangan Listrik Kendali Industri,"Eriko Arvin Karuniawan S.ST., M.Eng.",LabBar,EA
LT 2B,Selasa,5,10.20 - 11.05,331-241-309,Rancangan Listrik Kendali Industri,"Eriko Arvin Karuniawan S.ST., M.Eng.",LabBar,EA
LT 2B,Selasa,6,11.05 - 11.50,331-241-309,Rancangan Listrik Kendali Industri,"Eriko Arvin Karuniawan S.ST., M.Eng.",LabBar,EA
LT 2B,Selasa,9,14.00 - 14.45,331-241-306,Mesin Listrik AC,"Ir. Mochammad Muqorrobin, M.Eng.",LabMikro,MM
LT 2B,Selasa,10,14.45 - 15.30,331-241-306,Mesin Listrik AC,"Ir. Mochammad Muqorrobin, M.Eng.",LabMikro,MM
LT 2B,Selasa,ISTIRAHAT,ISTIRAHAT,,#N/A,"#N/A",,
LT 2B,Selasa,11,16.00 - 16.45,331-241-306,Mesin Listrik AC,"Ir. Mochammad Muqorrobin, M.Eng.",LabMikro,MM
LT 2B,Selasa,12,16.45 - 17.30,331-241-306,Mesin Listrik AC,"Ir. Mochammad Muqorrobin, M.Eng.",LabMikro,MM
LT 2B,Rabu,1,07.00 - 07.45,331-241-308,Praktikum Elektronika,"Adi Wasono, B.Eng., M.Eng.",LabTim,AW
LT 2B,Rabu,2,07.45 - 08.30,331-241-308,Praktikum Elektronika,"Adi Wasono, B.Eng., M.Eng.",LabTim,AW
LT 2B,Rabu,3,08.30 - 09.15,331-241-308,Praktikum Elektronika,"Adi Wasono, B.Eng., M.Eng.",LabTim,AW
LT 2B,Rabu,ISTIRAHAT,ISTIRAHAT,,#N/A,"#N/A",,
LT 2B,Rabu,4,09.35 - 10.20,331-241-308,Praktikum Elektronika,"Adi Wasono, B.Eng., M.Eng.",LabTim,AW
LT 2B,Rabu,5,10.20 - 11.05,331-241-308,Praktikum Elektronika,"Adi Wasono, B.Eng., M.Eng.",LabTim,AW
LT 2B,Rabu,6,11.05 - 11.50,331-241-308,Praktikum Elektronika,"Adi Wasono, B.Eng., M.Eng.",LabTim,AW
LT 2B,Kamis,3,08.30 - 09.15,331-241-301,Pembangkit Tenaga Listrik,"Achmad Hardito,B.Tech , M.Kom",SBI/08,AH
LT 2B,Kamis,ISTIRAHAT,ISTIRAHAT,,#N/A,"#N/A",,
LT 2B,Kamis,4,09.35 - 10.20,331-241-301,Pembangkit Tenaga Listrik,"Achmad Hardito,B.Tech , M.Kom",SBI/08,AH
LT 2B,Kamis,ISTIRAHAT,ISTIRAHAT,,#N/A,#N/A,,
LT 2B,Kamis,7,12.30 - 13.15,331-241-303,Elektronika Daya,"Yusnan Badruzzaman, S.T., M.Eng. / Byan Bagas Pradana S.T., M.T.",GKT.8/11,"YB, BB"
LT 2B,Kamis,8,13.15 - 14.00,331-241-303,Elektronika Daya,"Yusnan Badruzzaman, S.T., M.Eng. / Byan Bagas Pradana S.T., M.T.",GKT.8/11,"YB, BB"
LT 2B,Kamis,9,14.00 - 14.45,331-241-303,Elektronika Daya,"Yusnan Badruzzaman, S.T., M.Eng. / Byan Bagas Pradana S.T., M.T.",GKT.8/11,"YB, BB"
LT 2B,Kamis,10,14.45 - 15.30,331-241-303,Elektronika Daya,"Yusnan Badruzzaman, S.T., M.Eng. / Byan Bagas Pradana S.T., M.T.",GKT.8/11,"YB, BB"
LT 2B,Jumat,1,07.00 - 07.45,331-241-310,Sistem Kendali,"Adeguna Ridlo Pramurti, S.Pd., M.Eng.",SBI/09,AR
LT 2B,Jumat,2,07.45 - 08.30,331-241-310,Sistem Kendali,"Adeguna Ridlo Pramurti, S.Pd., M.Eng.",SBI/09,AR
LT 2B,Jumat,3,08.30 - 09.15,331-241-310,Sistem Kendali,"Adeguna Ridlo Pramurti, S.Pd., M.Eng.",SBI/09,AR
LT 2B,Jumat,ISTIRAHAT,ISTIRAHAT,,#N/A,"#N/A",,
LT 2B,Jumat,4,09.35 - 10.20,331-241-310,Sistem Kendali,"Adeguna Ridlo Pramurti, S.Pd., M.Eng.",SBI/09,AR
LT 2C,Senin,5,10.20 - 11.05,331-241-304,Instalasi Listrik Tenaga,"Drs. Daeng Supriyadi Pasisarha, S.T., M.Eng.",GKT.8/11,DS
LT 2C,Senin,6,11.05 - 11.50,331-241-304,Instalasi Listrik Tenaga,"Drs. Daeng Supriyadi Pasisarha, S.T., M.Eng.",GKT.8/11,DS
LT 2C,Senin,ISTIRAHAT,ISTIRAHAT,,#N/A,#N/A,,
LT 2C,Senin,7,12.30 - 13.15,331-241-304,Instalasi Listrik Tenaga,"Drs. Daeng Supriyadi Pasisarha, S.T., M.Eng.",GKT.8/11,DS
LT 2C,Senin,8,13.15 - 14.00,331-241-304,Instalasi Listrik Tenaga,"Drs. Daeng Supriyadi Pasisarha, S.T., M.Eng.",GKT.8/11,DS
LT 2C,Senin,ISTIRAHAT,ISTIRAHAT,,#N/A,"#N/A",,
LT 2C,Senin,11,16.00 - 16.45,331-241-303,Elektronika Daya,"Yusnan Badruzzaman, S.T., M.Eng. / Byan Bagas Pradana S.T., M.T.",GKT.8/11,"YB, BB"
LT 2C,Senin,12,16.45 - 17.30,331-241-303,Elektronika Daya,"Yusnan Badruzzaman, S.T., M.Eng. / Byan Bagas Pradana S.T., M.T.",GKT.8/11,"YB, BB"
LT 2C,Senin,13,17.30 - 18.15,331-241-303,Elektronika Daya,"Yusnan Badruzzaman, S.T., M.Eng. / Byan Bagas Pradana S.T., M.T.",GKT.8/11,"YB, BB"
LT 2C,Senin,ISTIRAHAT,ISTIRAHAT,,#N/A,"#N/A",,
LT 2C,Senin,14,18.45 - 19.30,331-241-303,Elektronika Daya,"Yusnan Badruzzaman, S.T., M.Eng. / Byan Bagas Pradana S.T., M.T.",GKT.8/11,"YB, BB"
LT 2C,Selasa,5,10.20 - 11.05,331-241-302,Bahasa Inggris Teknik II,"Danu Angga Vebriyanto, M.Pd. / Astri Wulandari, M.Pd.",UPA-BHS,"DAV, ASW"
LT 2C,Selasa,6,11.05 - 11.50,331-241-302,Bahasa Inggris Teknik II,"Danu Angga Vebriyanto, M.Pd. / Astri Wulandari, M.Pd.",UPA-BHS,"DAV, ASW"
LT 2C,Selasa,ISTIRAHAT,ISTIRAHAT,,#N/A,"#N/A",,
LT 2C,Selasa,7,12.30 - 13.15,331-241-309,Rancangan Listrik Kendali Industri,"Adeguna Ridlo Pramurti, S.Pd., M.Eng.",LabBar,AR
LT 2C,Selasa,8,13.15 - 14.00,331-241-309,Rancangan Listrik Kendali Industri,"Adeguna Ridlo Pramurti, S.Pd., M.Eng.",LabBar,AR
LT 2C,Selasa,9,14.00 - 14.45,331-241-309,Rancangan Listrik Kendali Industri,"Adeguna Ridlo Pramurti, S.Pd., M.Eng.",LabBar,AR
LT 2C,Selasa,10,14.45 - 15.30,331-241-309,Rancangan Listrik Kendali Industri,"Adeguna Ridlo Pramurti, S.Pd., M.Eng.",LabBar,AR
LT 2C,Selasa,ISTIRAHAT,ISTIRAHAT,,#N/A,#N/A,,
LT 2C,Selasa,11,16.00 - 16.45,331-241-309,Rancangan Listrik Kendali Industri,"Adeguna Ridlo Pramurti, S.Pd., M.Eng.",LabBar,AR
LT 2C,Selasa,12,16.45 - 17.30,331-241-309,Rancangan Listrik Kendali Industri,"Adeguna Ridlo Pramurti, S.Pd., M.Eng.",LabBar,AR
LT 2C,Rabu,ISTIRAHAT,ISTIRAHAT,,#N/A,"#N/A",,
LT 2C,Rabu,7,12.30 - 13.15,331-241-308,Praktikum Elektronika,"Adi Wasono, B.Eng., M.Eng. / Haidar Ali Fathin Naufal, S.T., M.T.",LabTim,"AW, HAF"
LT 2C,Rabu,8,13.15 - 14.00,331-241-308,Praktikum Elektronika,"Adi Wasono, B.Eng., M.Eng. / Haidar Ali Fathin Naufal, S.T., M.T.",LabTim,"AW, HAF"
LT 2C,Rabu,9,14.00 - 14.45,331-241-308,Praktikum Elektronika,"Adi Wasono, B.Eng., M.Eng. / Haidar Ali Fathin Naufal, S.T., M.T.",LabTim,"AW, HAF"
LT 2C,Rabu,10,14.45 - 15.30,331-241-308,Praktikum Elektronika,"Adi Wasono, B.Eng., M.Eng. / Haidar Ali Fathin Naufal, S.T., M.T.",LabTim,"AW, HAF"
LT 2C,Rabu,ISTIRAHAT,ISTIRAHAT,,#N/A,"#N/A",,
LT 2C,Rabu,11,16.00 - 16.45,331-241-308,Praktikum Elektronika,"Adi Wasono, B.Eng., M.Eng. / Haidar Ali Fathin Naufal, S.T., M.T.",LabTim,"AW, HAF"
LT 2C,Rabu,12,16.45 - 17.30,331-241-308,Praktikum Elektronika,"Adi Wasono, B.Eng., M.Eng. / Haidar Ali Fathin Naufal, S.T., M.T.",LabTim,"AW, HAF"
LT 2C,Rabu,13,17.30 - 18.15,331-241-310,Sistem Kendali,"Adeguna Ridlo Pramurti, S.Pd., M.Eng.",LabMikro,AR
LT 2C,Rabu,ISTIRAHAT,ISTIRAHAT,,#N/A,#N/A,,
LT 2C,Rabu,14,18.45 - 19.30,331-241-310,Sistem Kendali,"Adeguna Ridlo Pramurti, S.Pd., M.Eng.",LabMikro,AR
LT 2C,Rabu,15,19.30 - 20.15,331-241-310,Sistem Kendali,"Adeguna Ridlo Pramurti, S.Pd., M.Eng.",LabMikro,AR
LT 2C,Rabu,16,20.15 - 21.00,331-241-310,Sistem Kendali,"Adeguna Ridlo Pramurti, S.Pd., M.Eng.",LabMikro,AR
LT 2C,Kamis,1,07.00 - 07.45,331-241-305,Jaringan Distribusi Tenaga Listrik,"Drs. Agus Adiwismono, M.Eng.",SBI/09,AA
LT 2C,Kamis,2,07.45 - 08.30,331-241-305,Jaringan Distribusi Tenaga Listrik,"Drs. Agus Adiwismono, M.Eng.",SBI/09,AA
LT 2C,Kamis,3,08.30 - 09.15,331-241-305,Jaringan Distribusi Tenaga Listrik,"Drs. Agus Adiwismono, M.Eng.",SBI/09,AA
LT 2C,Kamis,ISTIRAHAT,ISTIRAHAT,,#N/A,"#N/A",,
LT 2C,Kamis,4,09.35 - 10.20,331-241-305,Jaringan Distribusi Tenaga Listrik,"Drs. Agus Adiwismono, M.Eng.",SBI/09,AA
LT 2C,Kamis,5,10.20 - 11.05,331-241-306,Mesin Listrik AC,"Ir. Mochammad Muqorrobin, M.Eng.",LabMikro,MM
LT 2C,Kamis,6,11.05 - 11.50,331-241-306,Mesin Listrik AC,"Ir. Mochammad Muqorrobin, M.Eng.",LabMikro,MM
LT 2C,Kamis,ISTIRAHAT,ISTIRAHAT,,#N/A,"#N/A",,
LT 2C,Kamis,7,12.30 - 13.15,331-241-306,Mesin Listrik AC,"Ir. Mochammad Muqorrobin, M.Eng.",LabMikro,MM
LT 2C,Kamis,8,13.15 - 14.00,331-241-306,Mesin Listrik AC,"Ir. Mochammad Muqorrobin, M.Eng.",LabMikro,MM
LT 2C,Jumat,2,07.45 - 08.30,331-241-301,Pembangkit Tenaga Listrik,"Achmad Hardito,B.Tech , M.Kom",SBI/08,AH
LT 2C,Jumat,3,08.30 - 09.15,331-241-301,Pembangkit Tenaga Listrik,"Achmad Hardito,B.Tech , M.Kom",SBI/08,AH
LT 2D,Senin,1,07.00 - 07.45,331-241-309,Rancangan Listrik Kendali Industri,"Adeguna Ridlo Pramurti, S.Pd., M.Eng.",LabBar,AR
LT 2D,Senin,2,07.45 - 08.30,331-241-309,Rancangan Listrik Kendali Industri,"Adeguna Ridlo Pramurti, S.Pd., M.Eng.",LabBar,AR
LT 2D,Senin,3,08.30 - 09.15,331-241-309,Rancangan Listrik Kendali Industri,"Adeguna Ridlo Pramurti, S.Pd., M.Eng.",LabBar,AR
LT 2D,Senin,ISTIRAHAT,ISTIRAHAT,,#N/A,"#N/A",,
LT 2D,Senin,4,09.35 - 10.20,331-241-309,Rancangan Listrik Kendali Industri,"Adeguna Ridlo Pramurti, S.Pd., M.Eng.",LabBar,AR
LT 2D,Senin,5,10.20 - 11.05,331-241-309,Rancangan Listrik Kendali Industri,"Adeguna Ridlo Pramurti, S.Pd., M.Eng.",LabBar,"AR"
LT 2D,Senin,6,11.05 - 11.50,331-241-309,Rancangan Listrik Kendali Industri,"Adeguna Ridlo Pramurti, S.Pd., M.Eng.",LabBar,AR
LT 2D,Senin,ISTIRAHAT,ISTIRAHAT,,#N/A,"#N/A",,
LT 2D,Senin,7,12.30 - 13.15,331-241-302,Bahasa Inggris Teknik II,"Danu Angga Vebriyanto, M.Pd. / Astri Wulandari, M.Pd.",UPA-BHS,"DAV, ASW"
LT 2D,Senin,8,13.15 - 14.00,331-241-302,Bahasa Inggris Teknik II,"Danu Angga Vebriyanto, M.Pd. / Astri Wulandari, M.Pd.",UPA-BHS,"DAV, ASW"
LT 2D,Senin,9,14.00 - 14.45,331-241-310,Sistem Kendali,"Eriko Arvin Karuniawan S.ST., M.Eng.",MulMed,EA
LT 2D,Senin,10,14.45 - 15.30,331-241-310,Sistem Kendali,"Eriko Arvin Karuniawan S.ST., M.Eng.",MulMed,EA
LT 2D,Senin,ISTIRAHAT,ISTIRAHAT,,#N/A,"#N/A",,
LT 2D,Senin,11,16.00 - 16.45,331-241-310,Sistem Kendali,"Eriko Arvin Karuniawan S.ST., M.Eng.",MulMed,EA
LT 2D,Senin,12,16.45 - 17.30,331-241-310,Sistem Kendali,"Eriko Arvin Karuniawan S.ST., M.Eng.",MulMed,EA
LT 2D,Selasa,ISTIRAHAT,ISTIRAHAT,,#N/A,#N/A,,
LT 2D,Selasa,7,12.30 - 13.15,331-241-308,Praktikum Elektronika,"Adi Wasono, B.Eng., M.Eng. / Haidar Ali Fathin Naufal, S.T., M.T.",LabTim,"AW, HAF"
LT 2D,Selasa,8,13.15 - 14.00,331-241-308,Praktikum Elektronika,"Adi Wasono, B.Eng., M.Eng. / Haidar Ali Fathin Naufal, S.T., M.T.",LabTim,"AW, HAF"
LT 2D,Selasa,9,14.00 - 14.45,331-241-308,Praktikum Elektronika,"Adi Wasono, B.Eng., M.Eng. / Haidar Ali Fathin Naufal, S.T., M.T.",LabTim,"AW, HAF"
LT 2D,Selasa,10,14.45 - 15.30,331-241-308,Praktikum Elektronika,"Adi Wasono, B.Eng., M.Eng. / Haidar Ali Fathin Naufal, S.T., M.T.",LabTim,"AW, HAF"
LT 2D,Selasa,ISTIRAHAT,ISTIRAHAT,,#N/A,"#N/A",,
LT 2D,Selasa,11,16.00 - 16.45,331-241-308,Praktikum Elektronika,"Adi Wasono, B.Eng., M.Eng. / Haidar Ali Fathin Naufal, S.T., M.T.",LabTim,"AW, HAF"
LT 2D,Selasa,12,16.45 - 17.30,331-241-308,Praktikum Elektronika,"Adi Wasono, B.Eng., M.Eng. / Haidar Ali Fathin Naufal, S.T., M.T.",LabTim,"AW, HAF"
LT 2D,Rabu,5,10.20 - 11.05,331-241-305,Jaringan Distribusi Tenaga Listrik,"Drs. Agus Adiwismono, M.Eng.",LabMeka,AA
LT 2D,Rabu,6,11.05 - 11.50,331-241-305,Jaringan Distribusi Tenaga Listrik,"Drs. Agus Adiwismono, M.Eng.",LabMeka,AA
LT 2D,Rabu,ISTIRAHAT,ISTIRAHAT,,#N/A,"#N/A",,
LT 2D,Rabu,7,12.30 - 13.15,331-241-305,Jaringan Distribusi Tenaga Listrik,"Drs. Agus Adiwismono, M.Eng.",LabMeka,AA
LT 2D,Rabu,8,13.15 - 14.00,331-241-305,Jaringan Distribusi Tenaga Listrik,"Drs. Agus Adiwismono, M.Eng.",LabMeka,AA
LT 2D,Kamis,1,07.00 - 07.45,331-241-304,Instalasi Listrik Tenaga,"Drs. Daeng Supriyadi Pasisarha, S.T., M.Eng.",GKT.7/10,DS
LT 2D,Kamis,2,07.45 - 08.30,331-241-304,Instalasi Listrik Tenaga,"Drs. Daeng Supriyadi Pasisarha, S.T., M.Eng.",GKT.7/10,DS
LT 2D,Kamis,3,08.30 - 09.15,331-241-304,Instalasi Listrik Tenaga,"Drs. Daeng Supriyadi Pasisarha, S.T., M.Eng.",GKT.7/10,DS
LT 2D,Kamis,ISTIRAHAT,ISTIRAHAT,,#N/A,"#N/A",,
LT 2D,Kamis,4,09.35 - 10.20,331-241-304,Instalasi Listrik Tenaga,"Drs. Daeng Supriyadi Pasisarha, S.T., M.Eng.",GKT.7/10,DS
LT 2D,Kamis,5,10.20 - 11.05,331-241-301,Pembangkit Tenaga Listrik,"Achmad Hardito,B.Tech , M.Kom",SBI/08,AH
LT 2D,Kamis,6,11.05 - 11.50,331-241-301,Pembangkit Tenaga Listrik,"Achmad Hardito,B.Tech , M.Kom",SBI/08,AH
LT 2D,Kamis,9,14.00 - 14.45,331-241-306,Mesin Listrik AC,"Ir. Mochammad Muqorrobin, M.Eng.",LabMikro,MM
LT 2D,Kamis,10,14.45 - 15.30,331-241-306,Mesin Listrik AC,"Ir. Mochammad Muqorrobin, M.Eng.",LabMikro,MM
LT 2D,Kamis,ISTIRAHAT,ISTIRAHAT,,#N/A,"#N/A",,
LT 2D,Kamis,11,16.00 - 16.45,331-241-306,Mesin Listrik AC,"Ir. Mochammad Muqorrobin, M.Eng.",LabMikro,MM
LT 2D,Kamis,12,16.45 - 17.30,331-241-306,Mesin Listrik AC,"Ir. Mochammad Muqorrobin, M.Eng.",LabMikro,MM
LT 2D,Jumat,1,07.00 - 07.45,331-241-303,Elektronika Daya,"Yusnan Badruzzaman, S.T., M.Eng. / Byan Bagas Pradana S.T., M.T.",SBI/06,"YB, BB"
LT 2D,Jumat,2,07.45 - 08.30,331-241-303,Elektronika Daya,"Yusnan Badruzzaman, S.T., M.Eng. / Byan Bagas Pradana S.T., M.T.",SBI/06,"YB, BB"
LT 2D,Jumat,3,08.30 - 09.15,331-241-303,Elektronika Daya,"Yusnan Badruzzaman, S.T., M.Eng. / Byan Bagas Pradana S.T., M.T.",SBI/06,"YB, BB"
LT 2D,Jumat,ISTIRAHAT,ISTIRAHAT,,#N/A,#N/A,,
LT 2D,Jumat,4,09.35 - 10.20,331-241-303,Elektronika Daya,"Yusnan Badruzzaman, S.T., M.Eng. / Byan Bagas Pradana S.T., M.T.",SBI/06,"YB, BB"
IL 2A,Senin,1,07.00 - 07.45,433-241-305,Mesin Listrik AC,"Ir. Mochammad Muqorrobin, M.Eng.",LabMeka,MM
IL 2A,Senin,2,07.45 - 08.30,433-241-305,Mesin Listrik AC,"Ir. Mochammad Muqorrobin, M.Eng.",LabMeka,MM
IL 2A,Senin,3,08.30 - 09.15,433-241-305,Mesin Listrik AC,"Ir. Mochammad Muqorrobin, M.Eng.",LabMeka,"MM"
IL 2A,Senin,ISTIRAHAT,ISTIRAHAT,,#N/A,"#N/A",,
IL 2A,Senin,4,09.35 - 10.20,433-241-305,Mesin Listrik AC,"Ir. Mochammad Muqorrobin, M.Eng.",LabMeka,"MM"
IL 2A,Senin,5,10.20 - 11.05,433-241-304,Elektronika Daya I,"Yusnan Badruzzaman, S.T., M.Eng.",MulMed,YB
IL 2A,Senin,6,11.05 - 11.50,433-241-304,Elektronika Daya I,"Yusnan Badruzzaman, S.T., M.Eng.",MulMed,"YB"
IL 2A,Senin,ISTIRAHAT,ISTIRAHAT,,#N/A,"#N/A",,
IL 2A,Senin,7,12.30 - 13.15,433-241-304,Elektronika Daya I,"Yusnan Badruzzaman, S.T., M.Eng.",MulMed,YB
IL 2A,Senin,8,13.15 - 14.00,433-241-304,Elektronika Daya I,"Yusnan Badruzzaman, S.T., M.Eng.",MulMed,"YB"
IL 2A,Selasa,1,07.00 - 07.45,433-241-301,Algoritma dan Pemrograman,"Dr. Mohammad Khambali, B.Eng., M.Kom.",LabKom,"MK"
IL 2A,Selasa,2,07.45 - 08.30,433-241-301,Algoritma dan Pemrograman,"Dr. Mohammad Khambali, B.Eng., M.Kom.",LabKom,MK
IL 2A,Selasa,3,08.30 - 09.15,433-241-301,Algoritma dan Pemrograman,"Dr. Mohammad Khambali, B.Eng., M.Kom.",LabKom,MK
IL 2A,Selasa,ISTIRAHAT,ISTIRAHAT,,#N/A,"#N/A",,
IL 2A,Selasa,4,09.35 - 10.20,433-241-301,Algoritma dan Pemrograman,"Dr. Mohammad Khambali, B.Eng., M.Kom.",LabKom,MK
IL 2A,Selasa,ISTIRAHAT,ISTIRAHAT,,#N/A,"#N/A",,
IL 2A,Selasa,7,12.30 - 13.15,433-241-302,Bahasa Inggris Teknik II,"Danu Angga Vebriyanto, M.Pd. / Astri Wulandari, M.Pd.",UPA-BHS,"DAV, ASW"
IL 2A,Selasa,8,13.15 - 14.00,433-241-302,Bahasa Inggris Teknik II,"Danu Angga Vebriyanto, M.Pd. / Astri Wulandari, M.Pd.",UPA-BHS,"DAV, ASW"
IL 2A,Rabu,1,07.00 - 07.45,433-241-303,Dasar Sistem Kendali,"Adeguna Ridlo Pramurti, S.Pd., M.Eng.",LabMeka,"AR"
IL 2A,Rabu,2,07.45 - 08.30,433-241-303,Dasar Sistem Kendali,"Adeguna Ridlo Pramurti, S.Pd., M.Eng.",LabMeka,"AR"
IL 2A,Rabu,3,08.30 - 09.15,433-241-303,Dasar Sistem Kendali,"Adeguna Ridlo Pramurti, S.Pd., M.Eng.",LabMeka,AR
IL 2A,Rabu,ISTIRAHAT,ISTIRAHAT,,#N/A,"#N/A",,
IL 2A,Rabu,4,09.35 - 10.20,433-241-303,Dasar Sistem Kendali,"Adeguna Ridlo Pramurti, S.Pd., M.Eng.",LabMeka,AR
IL 2A,Rabu,ISTIRAHAT,ISTIRAHAT,,#N/A,#N/A,,
IL 2A,Rabu,7,12.30 - 13.15,433-241-309,Praktikum Rancangan Listrik Kendali Industri,"Eriko Arvin Karuniawan S.ST., M.Eng.",LabBar,EA
IL 2A,Rabu,8,13.15 - 14.00,433-241-309,Praktikum Rancangan Listrik Kendali Industri,"Eriko Arvin Karuniawan S.ST., M.Eng.",LabBar,EA
IL 2A,Rabu,9,14.00 - 14.45,433-241-309,Praktikum Rancangan Listrik Kendali Industri,"Eriko Arvin Karuniawan S.ST., M.Eng.",LabBar,EA
IL 2A,Rabu,10,14.45 - 15.30,433-241-309,Praktikum Rancangan Listrik Kendali Industri,"Eriko Arvin Karuniawan S.ST., M.Eng.",LabBar,EA
IL 2A,Rabu,ISTIRAHAT,ISTIRAHAT,,#N/A,"#N/A",,
IL 2A,Rabu,11,16.00 - 16.45,433-241-309,Praktikum Rancangan Listrik Kendali Industri,"Eriko Arvin Karuniawan S.ST., M.Eng.",LabBar,EA
IL 2A,Rabu,12,16.45 - 17.30,433-241-309,Praktikum Rancangan Listrik Kendali Industri,"Eriko Arvin Karuniawan S.ST., M.Eng.",LabBar,EA
IL 2A,Kamis,1,07.00 - 07.45,433-241-308,Praktikum Elektronika,"Syahid, S.T., M.Eng.",LabTim,SY
IL 2A,Kamis,2,07.45 - 08.30,433-241-308,Praktikum Elektronika,"Syahid, S.T., M.Eng.",LabTim,SY
IL 2A,Kamis,3,08.30 - 09.15,433-241-308,Praktikum Elektronika,"Syahid, S.T., M.Eng.",LabTim,SY
IL 2A,Kamis,ISTIRAHAT,ISTIRAHAT,,#N/A,"#N/A",,
IL 2A,Kamis,4,09.35 - 10.20,433-241-308,Praktikum Elektronika,"Syahid, S.T., M.Eng.",LabTim,SY
IL 2A,Kamis,5,10.20 - 11.05,433-241-308,Praktikum Elektronika,"Syahid, S.T., M.Eng.",LabTim,SY
IL 2A,Kamis,6,11.05 - 11.50,433-241-308,Praktikum Elektronika,"Syahid, S.T., M.Eng.",LabTim,SY
IL 2A,Jumat,1,07.00 - 07.45,433-241-306,Pancasila,"Nining Susanti,M.I.Kom",GKT.7/10,NS
IL 2A,Jumat,2,07.45 - 08.30,433-241-306,Pancasila,"Nining Susanti,M.I.Kom",GKT.7/10,NS
IL 2A,Jumat,3,08.30 - 09.15,433-241-310,Statistik dan Stokastik,"Pangestuningtyas Diah Larasati, S.T., M.T.",GKT.8/11,PT
IL 2A,Jumat,ISTIRAHAT,ISTIRAHAT,,#N/A,"#N/A",,
IL 2A,Jumat,4,09.35 - 10.20,433-241-310,Statistik dan Stokastik,"Pangestuningtyas Diah Larasati, S.T., M.T.",GKT.8/11,PT
IL 2A,Jumat,5,10.20 - 11.05,433-241-310,Statistik dan Stokastik,"Pangestuningtyas Diah Larasati, S.T., M.T.",GKT.8/11,PT
IL 2A,Jumat,6,11.05 - 11.50,433-241-310,Statistik dan Stokastik,"Pangestuningtyas Diah Larasati, S.T., M.T.",GKT.8/11,"PT"
IL 2B,Senin,ISTIRAHAT,ISTIRAHAT,,#N/A,"#N/A",,
IL 2B,Senin,7,12.30 - 13.15,433-241-308,Praktikum Elektronika,"Syahid, S.T., M.Eng.",LabTim,SY
IL 2B,Senin,8,13.15 - 14.00,433-241-308,Praktikum Elektronika,"Syahid, S.T., M.Eng.",LabTim,"SY"
IL 2B,Senin,9,14.00 - 14.45,433-241-308,Praktikum Elektronika,"Syahid, S.T., M.Eng.",LabTim,"SY"
IL 2B,Senin,10,14.45 - 15.30,433-241-308,Praktikum Elektronika,"Syahid, S.T., M.Eng.",LabTim,"SY"
IL 2B,Senin,ISTIRAHAT,ISTIRAHAT,,#N/A,"#N/A",,
IL 2B,Senin,11,16.00 - 16.45,433-241-308,Praktikum Elektronika,"Syahid, S.T., M.Eng.",LabTim,"SY"
IL 2B,Senin,12,16.45 - 17.30,433-241-308,Praktikum Elektronika,"Syahid, S.T., M.Eng.",LabTim,SY
IL 2B,Selasa,5,10.20 - 11.05,433-241-305,Mesin Listrik AC,"Ir. Mochammad Muqorrobin, M.Eng.",LabMikro,"MM"
IL 2B,Selasa,6,11.05 - 11.50,433-241-305,Mesin Listrik AC,"Ir. Mochammad Muqorrobin, M.Eng.",LabMikro,MM
IL 2B,Selasa,ISTIRAHAT,ISTIRAHAT,,#N/A,"#N/A",,
IL 2B,Selasa,7,12.30 - 13.15,433-241-305,Mesin Listrik AC,"Ir. Mochammad Muqorrobin, M.Eng.",LabMikro,MM
IL 2B,Selasa,8,13.15 - 14.00,433-241-305,Mesin Listrik AC,"Ir. Mochammad Muqorrobin, M.Eng.",LabMikro,MM
IL 2B,Selasa,9,14.00 - 14.45,433-241-301,Algoritma dan Pemrograman,"Dr. Mohammad Khambali, B.Eng., M.Kom.",LabKom,MK
IL 2B,Selasa,10,14.45 - 15.30,433-241-301,Algoritma dan Pemrograman,"Dr. Mohammad Khambali, B.Eng., M.Kom.",LabKom,MK
IL 2B,Selasa,ISTIRAHAT,ISTIRAHAT,,#N/A,"#N/A",,
IL 2B,Selasa,11,16.00 - 16.45,433-241-301,Algoritma dan Pemrograman,"Dr. Mohammad Khambali, B.Eng., M.Kom.",LabKom,MK
IL 2B,Selasa,12,16.45 - 17.30,433-241-301,Algoritma dan Pemrograman,"Dr. Mohammad Khambali, B.Eng., M.Kom.",LabKom,MK
IL 2B,Rabu,1,07.00 - 07.45,433-241-309,Praktikum Rancangan Listrik Kendali Industri,"Eriko Arvin Karuniawan S.ST., M.Eng.",LabBar,EA
IL 2B,Rabu,2,07.45 - 08.30,433-241-309,Praktikum Rancangan Listrik Kendali Industri,"Eriko Arvin Karuniawan S.ST., M.Eng.",LabBar,EA
IL 2B,Rabu,3,08.30 - 09.15,433-241-309,Praktikum Rancangan Listrik Kendali Industri,"Eriko Arvin Karuniawan S.ST., M.Eng.",LabBar,EA
IL 2B,Rabu,ISTIRAHAT,ISTIRAHAT,,#N/A,"#N/A",,
IL 2B,Rabu,4,09.35 - 10.20,433-241-309,Praktikum Rancangan Listrik Kendali Industri,"Eriko Arvin Karuniawan S.ST., M.Eng.",LabBar,EA
IL 2B,Rabu,5,10.20 - 11.05,433-241-309,Praktikum Rancangan Listrik Kendali Industri,"Eriko Arvin Karuniawan S.ST., M.Eng.",LabBar,EA
IL 2B,Rabu,6,11.05 - 11.50,433-241-309,Praktikum Rancangan Listrik Kendali Industri,"Eriko Arvin Karuniawan S.ST., M.Eng.",LabBar,EA
IL 2B,Rabu,ISTIRAHAT,ISTIRAHAT,,#N/A,#N/A,,
IL 2B,Rabu,7,12.30 - 13.15,433-241-304,Elektronika Daya I,"Yusnan Badruzzaman, S.T., M.Eng.",MulMed,YB
IL 2B,Rabu,8,13.15 - 14.00,433-241-304,Elektronika Daya I,"Yusnan Badruzzaman, S.T., M.Eng.",MulMed,YB
IL 2B,Rabu,9,14.00 - 14.45,433-241-304,Elektronika Daya I,"Yusnan Badruzzaman, S.T., M.Eng.",MulMed,YB
IL 2B,Rabu,10,14.45 - 15.30,433-241-304,Elektronika Daya I,"Yusnan Badruzzaman, S.T., M.Eng.",MulMed,YB
IL 2B,Kamis,ISTIRAHAT,ISTIRAHAT,,#N/A,"#N/A",,
IL 2B,Kamis,4,09.35 - 10.20,433-241-302,Bahasa Inggris Teknik II,"Danu Angga Vebriyanto, M.Pd. / Astri Wulandari, M.Pd.",GKT.7/11,"DAV, ASW"
IL 2B,Kamis,5,10.20 - 11.05,433-241-302,Bahasa Inggris Teknik II,"Danu Angga Vebriyanto, M.Pd. / Astri Wulandari, M.Pd.",GKT.7/11,"DAV, ASW"
IL 2B,Kamis,8,13.15 - 14.00,433-241-310,Statistik dan Stokastik,"Pangestuningtyas Diah Larasati, S.T., M.T.",GKT.7/11,PT
IL 2B,Kamis,9,14.00 - 14.45,433-241-310,Statistik dan Stokastik,"Pangestuningtyas Diah Larasati, S.T., M.T.",GKT.7/11,PT
IL 2B,Kamis,10,14.45 - 15.30,433-241-310,Statistik dan Stokastik,"Pangestuningtyas Diah Larasati, S.T., M.T.",GKT.7/11,PT
IL 2B,Kamis,ISTIRAHAT,ISTIRAHAT,,#N/A,#N/A,,
IL 2B,Kamis,11,16.00 - 16.45,433-241-310,Statistik dan Stokastik,"Pangestuningtyas Diah Larasati, S.T., M.T.",GKT.7/11,PT
IL 2B,Jumat,3,08.30 - 09.15,433-241-306,Pancasila,"Nining Susanti,M.I.Kom",GKT.7/10,NS
IL 2B,Jumat,ISTIRAHAT,ISTIRAHAT,,#N/A,"#N/A",,
IL 2B,Jumat,4,09.35 - 10.20,433-241-306,Pancasila,"Nining Susanti,M.I.Kom",GKT.7/10,NS
IL 2B,Jumat,8,13.15 - 14.00,433-241-303,Dasar Sistem Kendali,"Adeguna Ridlo Pramurti, S.Pd., M.Eng.",SBI/09,AR
IL 2B,Jumat,9,14.00 - 14.45,433-241-303,Dasar Sistem Kendali,"Adeguna Ridlo Pramurti, S.Pd., M.Eng.",SBI/09,AR
IL 2B,Jumat,10,14.45 - 15.30,433-241-303,Dasar Sistem Kendali,"Adeguna Ridlo Pramurti, S.Pd., M.Eng.",SBI/09,AR
IL 2B,Jumat,ISTIRAHAT,ISTIRAHAT,,#N/A,#N/A,,
IL 2B,Jumat,11,16.00 - 16.45,433-241-303,Dasar Sistem Kendali,"Adeguna Ridlo Pramurti, S.Pd., M.Eng.",SBI/09,AR
IL 2C,Senin,1,07.00 - 07.45,433-241-308,Praktikum Elektronika,"Syahid, S.T., M.Eng.",LabMikro,SY
IL 2C,Senin,2,07.45 - 08.30,433-241-308,Praktikum Elektronika,"Syahid, S.T., M.Eng.",LabMikro,SY
IL 2C,Senin,3,08.30 - 09.15,433-241-308,Praktikum Elektronika,"Syahid, S.T., M.Eng.",LabMikro,SY
IL 2C,Senin,ISTIRAHAT,ISTIRAHAT,,#N/A,#N/A,,
IL 2C,Senin,4,09.35 - 10.20,433-241-308,Praktikum Elektronika,"Syahid, S.T., M.Eng.",LabMikro,SY
IL 2C,Senin,5,10.20 - 11.05,433-241-308,Praktikum Elektronika,"Syahid, S.T., M.Eng.",LabMikro,SY
IL 2C,Senin,6,11.05 - 11.50,433-241-308,Praktikum Elektronika,"Syahid, S.T., M.Eng.",LabMikro,SY
IL 2C,Senin,ISTIRAHAT,ISTIRAHAT,,#N/A,#N/A,,
IL 2C,Senin,7,12.30 - 13.15,433-241-305,Mesin Listrik AC,"Ir. Mochammad Muqorrobin, M.Eng.",LabMikro,MM
IL 2C,Senin,8,13.15 - 14.00,433-241-305,Mesin Listrik AC,"Ir. Mochammad Muqorrobin, M.Eng.",LabMikro,MM
IL 2C,Senin,9,14.00 - 14.45,433-241-305,Mesin Listrik AC,"Ir. Mochammad Muqorrobin, M.Eng.",LabMikro,MM
IL 2C,Senin,10,14.45 - 15.30,433-241-305,Mesin Listrik AC,"Ir. Mochammad Muqorrobin, M.Eng.",LabMikro,MM
IL 2C,Selasa,3,08.30 - 09.15,433-241-304,Elektronika Daya I,"Yusnan Badruzzaman, S.T., M.Eng.",MulMed,"YB"
IL 2C,Selasa,ISTIRAHAT,ISTIRAHAT,,#N/A,"#N/A",,
IL 2C,Selasa,4,09.35 - 10.20,433-241-304,Elektronika Daya I,"Yusnan Badruzzaman, S.T., M.Eng.",MulMed,YB
IL 2C,Selasa,5,10.20 - 11.05,433-241-304,Elektronika Daya I,"Yusnan Badruzzaman, S.T., M.Eng.",MulMed,YB
IL 2C,Selasa,6,11.05 - 11.50,433-241-304,Elektronika Daya I,"Yusnan Badruzzaman, S.T., M.Eng.",MulMed,YB
IL 2C,Rabu,1,07.00 - 07.45,433-241-310,Statistik dan Stokastik,"Pangestuningtyas Diah Larasati, S.T., M.T.",GKT.7/10,PT
IL 2C,Rabu,2,07.45 - 08.30,433-241-310,Statistik dan Stokastik,"Pangestuningtyas Diah Larasati, S.T., M.T.",GKT.7/10,PT
IL 2C,Rabu,3,08.30 - 09.15,433-241-310,Statistik dan Stokastik,"Pangestuningtyas Diah Larasati, S.T., M.T.",GKT.7/10,PT
IL 2C,Rabu,ISTIRAHAT,ISTIRAHAT,,#N/A,#N/A,,
IL 2C,Rabu,4,09.35 - 10.20,433-241-310,Statistik dan Stokastik,"Pangestuningtyas Diah Larasati, S.T., M.T.",GKT.7/10,PT
IL 2C,Rabu,5,10.20 - 11.05,433-241-303,Dasar Sistem Kendali,"Adeguna Ridlo Pramurti, S.Pd., M.Eng.",LabMikro,"AR"
IL 2C,Rabu,6,11.05 - 11.50,433-241-303,Dasar Sistem Kendali,"Adeguna Ridlo Pramurti, S.Pd., M.Eng.",LabMikro,"AR"
IL 2C,Rabu,ISTIRAHAT,ISTIRAHAT,,#N/A,"#N/A",,
IL 2C,Rabu,7,12.30 - 13.15,433-241-303,Dasar Sistem Kendali,"Adeguna Ridlo Pramurti, S.Pd., M.Eng.",LabMikro,AR
IL 2C,Rabu,8,13.15 - 14.00,433-241-303,Dasar Sistem Kendali,"Adeguna Ridlo Pramurti, S.Pd., M.Eng.",LabMikro,"AR"
IL 2C,Kamis,6,11.05 - 11.50,433-241-302,Bahasa Inggris Teknik II,"Danu Angga Vebriyanto, M.Pd. / Astri Wulandari, M.Pd.",GKT.7/11,"DAV, ASW"
IL 2C,Kamis,ISTIRAHAT,ISTIRAHAT,,#N/A,"#N/A",,
IL 2C,Kamis,7,12.30 - 13.15,433-241-302,Bahasa Inggris Teknik II,"Danu Angga Vebriyanto, M.Pd. / Astri Wulandari, M.Pd.",GKT.7/11,"DAV, ASW"
IL 2C,Kamis,9,14.00 - 14.45,433-241-301,Algoritma dan Pemrograman,"Dr. Mohammad Khambali, B.Eng., M.Kom.",LabKom,MK
IL 2C,Kamis,10,14.45 - 15.30,433-241-301,Algoritma dan Pemrograman,"Dr. Mohammad Khambali, B.Eng., M.Kom.",LabKom,MK
IL 2C,Kamis,ISTIRAHAT,ISTIRAHAT,,#N/A,"#N/A",,
IL 2C,Kamis,11,16.00 - 16.45,433-241-301,Algoritma dan Pemrograman,"Dr. Mohammad Khambali, B.Eng., M.Kom.",LabKom,MK
IL 2C,Kamis,12,16.45 - 17.30,433-241-301,Algoritma dan Pemrograman,"Dr. Mohammad Khambali, B.Eng., M.Kom.",LabKom,MK
IL 2C,Jumat,5,10.20 - 11.05,433-241-306,Pancasila,"Nining Susanti,M.I.Kom",GKT.7/10,NS
IL 2C,Jumat,6,11.05 - 11.50,433-241-306,Pancasila,"Nining Susanti,M.I.Kom",GKT.7/10,NS
IL 2C,Jumat,8,13.15 - 14.00,433-241-309,Praktikum Rancangan Listrik Kendali Industri,"Eriko Arvin Karuniawan S.ST., M.Eng.",LabBar,EA
IL 2C,Jumat,9,14.00 - 14.45,433-241-309,Praktikum Rancangan Listrik Kendali Industri,"Eriko Arvin Karuniawan S.ST., M.Eng.",LabBar,EA
IL 2C,Jumat,10,14.45 - 15.30,433-241-309,Praktikum Rancangan Listrik Kendali Industri,"Eriko Arvin Karuniawan S.ST., M.Eng.",LabBar,EA
IL 2C,Jumat,ISTIRAHAT,ISTIRAHAT,,#N/A,#N/A,,
IL 2C,Jumat,11,16.00 - 16.45,433-241-309,Praktikum Rancangan Listrik Kendali Industri,"Eriko Arvin Karuniawan S.ST., M.Eng.",LabBar,EA
IL 2C,Jumat,12,16.45 - 17.30,433-241-309,Praktikum Rancangan Listrik Kendali Industri,"Eriko Arvin Karuniawan S.ST., M.Eng.",LabBar,EA
IL 2C,Jumat,13,17.30 - 18.15,433-241-309,Praktikum Rancangan Listrik Kendali Industri,"Eriko Arvin Karuniawan S.ST., M.Eng.",LabBar,EA
IL 3A,Senin,1,07.00 - 07.45,433-221-510,Praktikum Kendali Mikro II,"Aggie Brenda Vernandez S.T., M.T. / Nur Hidayat Arief, ST., MT.",LabPLC,"ABV, NH"
IL 3A,Senin,2,07.45 - 08.30,433-221-510,Praktikum Kendali Mikro II,"Aggie Brenda Vernandez S.T., M.T. / Nur Hidayat Arief, ST., MT.",LabPLC,"ABV, NH"
IL 3A,Senin,3,08.30 - 09.15,433-221-510,Praktikum Kendali Mikro II,"Aggie Brenda Vernandez S.T., M.T. / Nur Hidayat Arief, ST., MT.",LabPLC,"ABV, NH"
IL 3A,Senin,ISTIRAHAT,ISTIRAHAT,,#N/A,#N/A,,
IL 3A,Senin,4,09.35 - 10.20,433-221-510,Praktikum Kendali Mikro II,"Aggie Brenda Vernandez S.T., M.T. / Nur Hidayat Arief, ST., MT.",LabPLC,"ABV, NH"
IL 3A,Senin,5,10.20 - 11.05,433-221-510,Praktikum Kendali Mikro II,"Aggie Brenda Vernandez S.T., M.T. / Nur Hidayat Arief, ST., MT.",LabPLC,"ABV, NH"
IL 3A,Senin,6,11.05 - 11.50,433-221-510,Praktikum Kendali Mikro II,"Aggie Brenda Vernandez S.T., M.T. / Nur Hidayat Arief, ST., MT.",LabPLC,"ABV, NH"
IL 3A,Senin,9,14.00 - 14.45,433-221-501,Analisis Sistem Tenaga II,"Adi Wasono, B.Eng., M.Eng. / Dyah Ratna Kusuma Mayang Sari , S.T.,M.T.",GKT.7/11,"AW, DRK"
IL 3A,Senin,10,14.45 - 15.30,433-221-501,Analisis Sistem Tenaga II,"Adi Wasono, B.Eng., M.Eng. / Dyah Ratna Kusuma Mayang Sari , S.T.,M.T.",GKT.7/11,"AW, DRK"
IL 3A,Senin,ISTIRAHAT,ISTIRAHAT,,#N/A,"#N/A",,
IL 3A,Senin,11,16.00 - 16.45,433-221-501,Analisis Sistem Tenaga II,"Adi Wasono, B.Eng., M.Eng. / Dyah Ratna Kusuma Mayang Sari , S.T.,M.T.",GKT.7/11,"AW, DRK"
IL 3A,Senin,12,16.45 - 17.30,433-221-501,Analisis Sistem Tenaga II,"Adi Wasono, B.Eng., M.Eng. / Dyah Ratna Kusuma Mayang Sari , S.T.,M.T.",GKT.7/11,"AW, DRK"
IL 3A,Selasa,2,07.45 - 08.30,433-221-506,Manajemen Energi Elektrik,"Pangestuningtyas Diah Larasati, S.T., M.T.",GKT.7/11,PT
IL 3A,Selasa,3,08.30 - 09.15,433-221-506,Manajemen Energi Elektrik,"Pangestuningtyas Diah Larasati, S.T., M.T.",GKT.7/11,PT
IL 3A,Selasa,ISTIRAHAT,ISTIRAHAT,,#N/A,"#N/A",,
IL 3A,Selasa,4,09.35 - 10.20,433-221-506,Manajemen Energi Elektrik,"Pangestuningtyas Diah Larasati, S.T., M.T.",GKT.7/11,"PT"
IL 3A,Selasa,5,10.20 - 11.05,433-221-506,Manajemen Energi Elektrik,"Pangestuningtyas Diah Larasati, S.T., M.T.",GKT.7/11,"PT"
IL 3A,Selasa,ISTIRAHAT,ISTIRAHAT,,#N/A,#N/A,,
IL 3A,Selasa,7,12.30 - 13.15,433-221-508,PLC II,"Aggie Brenda Vernandez S.T., M.T.",LabPLC,"ABV"
IL 3A,Selasa,8,13.15 - 14.00,433-221-508,PLC II,"Aggie Brenda Vernandez S.T., M.T.",LabPLC,ABV
IL 3A,Selasa,9,14.00 - 14.45,433-221-508,PLC II,"Aggie Brenda Vernandez S.T., M.T.",LabPLC,ABV
IL 3A,Selasa,10,14.45 - 15.30,433-221-508,PLC II,"Aggie Brenda Vernandez S.T., M.T.",LabPLC,ABV
IL 3A,Selasa,ISTIRAHAT,ISTIRAHAT,,#N/A,#N/A,,
IL 3A,Selasa,11,16.00 - 16.45,433-221-508,PLC II,"Aggie Brenda Vernandez S.T., M.T.",LabPLC,ABV
IL 3A,Selasa,12,16.45 - 17.30,433-221-508,PLC II,"Aggie Brenda Vernandez S.T., M.T.",LabPLC,ABV
IL 3A,Rabu,1,07.00 - 07.45,433-221-505,Managemen Industri dan Projek,"Dr. Mohammad Khambali, B.Eng., M.Kom.",SBI/06,MK
IL 3A,Rabu,2,07.45 - 08.30,433-221-505,Managemen Industri dan Projek,"Dr. Mohammad Khambali, B.Eng., M.Kom.",SBI/06,MK
IL 3A,Rabu,3,08.30 - 09.15,433-221-505,Managemen Industri dan Projek,"Dr. Mohammad Khambali, B.Eng., M.Kom.",SBI/06,MK
IL 3A,Rabu,9,14.00 - 14.45,433-221-503,Distribusi Tenaga Listrik,"Drs. Agus Adiwismono, M.Eng. / Dyah Ratna Kusuma Mayang Sari , S.T.,M.T.",LabMeka,"AA, DRK"
IL 3A,Rabu,10,14.45 - 15.30,433-221-503,Distribusi Tenaga Listrik,"Drs. Agus Adiwismono, M.Eng. / Dyah Ratna Kusuma Mayang Sari , S.T.,M.T.",LabMeka,"AA, DRK"
IL 3A,Rabu,ISTIRAHAT,ISTIRAHAT,,#N/A,"#N/A",,
IL 3A,Rabu,11,16.00 - 16.45,433-221-503,Distribusi Tenaga Listrik,"Drs. Agus Adiwismono, M.Eng. / Dyah Ratna Kusuma Mayang Sari , S.T.,M.T.",LabMeka,"AA, DRK"
IL 3A,Rabu,12,16.45 - 17.30,433-221-503,Distribusi Tenaga Listrik,"Drs. Agus Adiwismono, M.Eng. / Dyah Ratna Kusuma Mayang Sari , S.T.,M.T.",LabMeka,"AA, DRK"
IL 3A,Kamis,1,07.00 - 07.45,433-221-507,Penggunaan Mesin Listrik,"Ir. Mochammad Muqorrobin, M.Eng. / Nur Hidayat Arief, ST., MT.",LabMikro,"MM, NH"
IL 3A,Kamis,2,07.45 - 08.30,433-221-507,Penggunaan Mesin Listrik,"Ir. Mochammad Muqorrobin, M.Eng. / Nur Hidayat Arief, ST., MT.",LabMikro,"MM, NH"
IL 3A,Kamis,3,08.30 - 09.15,433-221-507,Penggunaan Mesin Listrik,"Ir. Mochammad Muqorrobin, M.Eng. / Nur Hidayat Arief, ST., MT.",LabMikro,"MM, NH"
IL 3A,Kamis,ISTIRAHAT,ISTIRAHAT,,#N/A,#N/A,,
IL 3A,Kamis,4,09.35 - 10.20,433-221-507,Penggunaan Mesin Listrik,"Ir. Mochammad Muqorrobin, M.Eng. / Nur Hidayat Arief, ST., MT.",LabMikro,"MM, NH"
IL 3A,Kamis,ISTIRAHAT,ISTIRAHAT,,#N/A,"#N/A",,
IL 3A,Kamis,7,12.30 - 13.15,433-221-504,Kewirausahaan,"Dr. Mohammad Khambali, B.Eng., M.Kom.",LabMeka,MK
IL 3A,Kamis,8,13.15 - 14.00,433-221-504,Kewirausahaan,"Dr. Mohammad Khambali, B.Eng., M.Kom.",LabMeka,MK
IL 3A,Jumat,ISTIRAHAT,ISTIRAHAT,,#N/A,#N/A,,
IL 3A,Jumat,4,09.35 - 10.20,433-221-502,Sistem Kendali Modern,"Eriko Arvin Karuniawan S.ST., M.Eng.",LabMikro,EA
IL 3A,Jumat,5,10.20 - 11.05,433-221-502,Sistem Kendali Modern,"Eriko Arvin Karuniawan S.ST., M.Eng.",LabMikro,EA
IL 3A,Jumat,6,11.05 - 11.50,433-221-502,Sistem Kendali Modern,"Eriko Arvin Karuniawan S.ST., M.Eng.",LabMikro,EA
IL 3B,Senin,1,07.00 - 07.45,433-221-506,Manajemen Energi Elektrik,"Pangestuningtyas Diah Larasati, S.T., M.T.",MulMed,"PT"
IL 3B,Senin,2,07.45 - 08.30,433-221-506,Manajemen Energi Elektrik,"Pangestuningtyas Diah Larasati, S.T., M.T.",MulMed,"PT"
IL 3B,Senin,3,08.30 - 09.15,433-221-506,Manajemen Energi Elektrik,"Pangestuningtyas Diah Larasati, S.T., M.T.",MulMed,PT
IL 3B,Senin,ISTIRAHAT,ISTIRAHAT,,#N/A,"#N/A",,
IL 3B,Senin,4,09.35 - 10.20,433-221-506,Manajemen Energi Elektrik,"Pangestuningtyas Diah Larasati, S.T., M.T.",MulMed,PT
IL 3B,Senin,ISTIRAHAT,ISTIRAHAT,,#N/A,"#N/A",,
IL 3B,Senin,7,12.30 - 13.15,433-221-508,PLC II,"Aggie Brenda Vernandez S.T., M.T.",LabPLC,ABV
IL 3B,Senin,8,13.15 - 14.00,433-221-508,PLC II,"Aggie Brenda Vernandez S.T., M.T.",LabPLC,ABV
IL 3B,Senin,9,14.00 - 14.45,433-221-508,PLC II,"Aggie Brenda Vernandez S.T., M.T.",LabPLC,ABV
IL 3B,Senin,10,14.45 - 15.30,433-221-508,PLC II,"Aggie Brenda Vernandez S.T., M.T.",LabPLC,ABV
IL 3B,Senin,ISTIRAHAT,ISTIRAHAT,,#N/A,#N/A,,
IL 3B,Senin,11,16.00 - 16.45,433-221-508,PLC II,"Aggie Brenda Vernandez S.T., M.T.",LabPLC,ABV
IL 3B,Senin,12,16.45 - 17.30,433-221-508,PLC II,"Aggie Brenda Vernandez S.T., M.T.",LabPLC,ABV
IL 3B,Selasa,1,07.00 - 07.45,433-221-507,Penggunaan Mesin Listrik,"Ir. Mochammad Muqorrobin, M.Eng. / Nur Hidayat Arief, ST., MT.",LabMikro,"MM, NH"
IL 3B,Selasa,2,07.45 - 08.30,433-221-507,Penggunaan Mesin Listrik,"Ir. Mochammad Muqorrobin, M.Eng. / Nur Hidayat Arief, ST., MT.",LabMikro,"MM, NH"
IL 3B,Selasa,3,08.30 - 09.15,433-221-507,Penggunaan Mesin Listrik,"Ir. Mochammad Muqorrobin, M.Eng. / Nur Hidayat Arief, ST., MT.",LabMikro,"MM, NH"
IL 3B,Selasa,ISTIRAHAT,ISTIRAHAT,,#N/A,"#N/A",,
IL 3B,Selasa,4,09.35 - 10.20,433-221-507,Penggunaan Mesin Listrik,"Ir. Mochammad Muqorrobin, M.Eng. / Nur Hidayat Arief, ST., MT.",LabMikro,"MM, NH"
IL 3B,Selasa,ISTIRAHAT,ISTIRAHAT,,#N/A,"#N/A",,
IL 3B,Selasa,7,12.30 - 13.15,433-221-504,Kewirausahaan,"Dr. Mohammad Khambali, B.Eng., M.Kom.",SBI/09,MK
IL 3B,Selasa,8,13.15 - 14.00,433-221-504,Kewirausahaan,"Dr. Mohammad Khambali, B.Eng., M.Kom.",SBI/09,MK
IL 3B,Rabu,1,07.00 - 07.45,433-221-510,Praktikum Kendali Mikro II,"Aggie Brenda Vernandez S.T., M.T. / Nur Hidayat Arief, ST., MT.",LabPLC,"ABV, NH"
IL 3B,Rabu,2,07.45 - 08.30,433-221-510,Praktikum Kendali Mikro II,"Aggie Brenda Vernandez S.T., M.T. / Nur Hidayat Arief, ST., MT.",LabPLC,"ABV, NH"
IL 3B,Rabu,3,08.30 - 09.15,433-221-510,Praktikum Kendali Mikro II,"Aggie Brenda Vernandez S.T., M.T. / Nur Hidayat Arief, ST., MT.",LabPLC,"ABV, NH"
IL 3B,Rabu,ISTIRAHAT,ISTIRAHAT,,#N/A,"#N/A",,
IL 3B,Rabu,4,09.35 - 10.20,433-221-510,Praktikum Kendali Mikro II,"Aggie Brenda Vernandez S.T., M.T. / Nur Hidayat Arief, ST., MT.",LabPLC,"ABV, NH"
IL 3B,Rabu,5,10.20 - 11.05,433-221-510,Praktikum Kendali Mikro II,"Aggie Brenda Vernandez S.T., M.T. / Nur Hidayat Arief, ST., MT.",LabPLC,"ABV, NH"
IL 3B,Rabu,6,11.05 - 11.50,433-221-510,Praktikum Kendali Mikro II,"Aggie Brenda Vernandez S.T., M.T. / Nur Hidayat Arief, ST., MT.",LabPLC,"ABV, NH"
IL 3B,Rabu,ISTIRAHAT,ISTIRAHAT,,#N/A,"#N/A",,
IL 3B,Rabu,7,12.30 - 13.15,433-221-505,Managemen Industri dan Projek,"Dr. Mohammad Khambali, B.Eng., M.Kom.",SBI/06,MK
IL 3B,Rabu,8,13.15 - 14.00,433-221-505,Managemen Industri dan Projek,"Dr. Mohammad Khambali, B.Eng., M.Kom.",SBI/06,MK
IL 3B,Rabu,9,14.00 - 14.45,433-221-505,Managemen Industri dan Projek,"Dr. Mohammad Khambali, B.Eng., M.Kom.",SBI/06,MK
IL 3B,Kamis,ISTIRAHAT,ISTIRAHAT,,#N/A,"#N/A",,
IL 3B,Kamis,4,09.35 - 10.20,433-221-502,Sistem Kendali Modern,"Eriko Arvin Karuniawan S.ST., M.Eng.",LabMeka,EA
IL 3B,Kamis,5,10.20 - 11.05,433-221-502,Sistem Kendali Modern,"Eriko Arvin Karuniawan S.ST., M.Eng.",LabMeka,EA
IL 3B,Kamis,6,11.05 - 11.50,433-221-502,Sistem Kendali Modern,"Eriko Arvin Karuniawan S.ST., M.Eng.",LabMeka,EA
IL 3B,Kamis,9,14.00 - 14.45,433-221-503,Distribusi Tenaga Listrik,"Drs. Agus Adiwismono, M.Eng.",SBI/09,AA
IL 3B,Kamis,10,14.45 - 15.30,433-221-503,Distribusi Tenaga Listrik,"Drs. Agus Adiwismono, M.Eng.",SBI/09,AA
IL 3B,Kamis,ISTIRAHAT,ISTIRAHAT,,#N/A,"#N/A",,
IL 3B,Kamis,11,16.00 - 16.45,433-221-503,Distribusi Tenaga Listrik,"Drs. Agus Adiwismono, M.Eng.",SBI/09,AA
IL 3B,Kamis,12,16.45 - 17.30,433-221-503,Distribusi Tenaga Listrik,"Drs. Agus Adiwismono, M.Eng.",SBI/09,AA
IL 3B,Jumat,10,14.45 - 15.30,433-221-501,Analisis Sistem Tenaga II,"Adi Wasono, B.Eng., M.Eng. / Dyah Ratna Kusuma Mayang Sari , S.T.,M.T.",SBI/06,"AW, DRK"
IL 3B,Jumat,ISTIRAHAT,ISTIRAHAT,,#N/A,"#N/A",,
IL 3B,Jumat,11,16.00 - 16.45,433-221-501,Analisis Sistem Tenaga II,"Adi Wasono, B.Eng., M.Eng. / Dyah Ratna Kusuma Mayang Sari , S.T.,M.T.",SBI/06,"AW, DRK"
IL 3B,Jumat,12,16.45 - 17.30,433-221-501,Analisis Sistem Tenaga II,"Adi Wasono, B.Eng., M.Eng. / Dyah Ratna Kusuma Mayang Sari , S.T.,M.T.",SBI/06,"AW, DRK"
IL 3B,Jumat,13,17.30 - 18.15,433-221-501,Analisis Sistem Tenaga II,"Adi Wasono, B.Eng., M.Eng. / Dyah Ratna Kusuma Mayang Sari , S.T.,M.T.",SBI/06,"AW, DRK"
IL 3C,Senin,ISTIRAHAT,ISTIRAHAT,,#N/A,"#N/A",,
IL 3C,Senin,11,16.00 - 16.45,433-221-507,Penggunaan Mesin Listrik,"Ir. Mochammad Muqorrobin, M.Eng. / Nur Hidayat Arief, ST., MT.",LabMeka,"MM, NH"
IL 3C,Senin,12,16.45 - 17.30,433-221-507,Penggunaan Mesin Listrik,"Ir. Mochammad Muqorrobin, M.Eng. / Nur Hidayat Arief, ST., MT.",LabMeka,"MM, NH"
IL 3C,Senin,13,17.30 - 18.15,433-221-507,Penggunaan Mesin Listrik,"Ir. Mochammad Muqorrobin, M.Eng. / Nur Hidayat Arief, ST., MT.",LabMeka,"MM, NH"
IL 3C,Senin,ISTIRAHAT,ISTIRAHAT,,#N/A,#N/A,,
IL 3C,Senin,14,18.45 - 19.30,433-221-507,Penggunaan Mesin Listrik,"Ir. Mochammad Muqorrobin, M.Eng. / Nur Hidayat Arief, ST., MT.",LabMeka,"MM, NH"
IL 3C,Selasa,1,07.00 - 07.45,433-221-510,Praktikum Kendali Mikro II,"Aggie Brenda Vernandez S.T., M.T.",LabPLC,ABV
IL 3C,Selasa,2,07.45 - 08.30,433-221-510,Praktikum Kendali Mikro II,"Aggie Brenda Vernandez S.T., M.T.",LabPLC,ABV
IL 3C,Selasa,3,08.30 - 09.15,433-221-510,Praktikum Kendali Mikro II,"Aggie Brenda Vernandez S.T., M.T.",LabPLC,ABV
IL 3C,Selasa,ISTIRAHAT,ISTIRAHAT,,#N/A,#N/A,,
IL 3C,Selasa,4,09.35 - 10.20,433-221-510,Praktikum Kendali Mikro II,"Aggie Brenda Vernandez S.T., M.T.",LabPLC,ABV
IL 3C,Selasa,5,10.20 - 11.05,433-221-510,Praktikum Kendali Mikro II,"Aggie Brenda Vernandez S.T., M.T.",LabPLC,ABV
IL 3C,Selasa,6,11.05 - 11.50,433-221-510,Praktikum Kendali Mikro II,"Aggie Brenda Vernandez S.T., M.T.",LabPLC,ABV
IL 3C,Selasa,ISTIRAHAT,ISTIRAHAT,,#N/A,"#N/A",,
IL 3C,Selasa,7,12.30 - 13.15,433-221-506,Manajemen Energi Elektrik,"Pangestuningtyas Diah Larasati, S.T., M.T.",GKT.7/11,PT
IL 3C,Selasa,8,13.15 - 14.00,433-221-506,Manajemen Energi Elektrik,"Pangestuningtyas Diah Larasati, S.T., M.T.",GKT.7/11,PT
IL 3C,Selasa,9,14.00 - 14.45,433-221-506,Manajemen Energi Elektrik,"Pangestuningtyas Diah Larasati, S.T., M.T.",GKT.7/11,PT
IL 3C,Selasa,10,14.45 - 15.30,433-221-506,Manajemen Energi Elektrik,"Pangestuningtyas Diah Larasati, S.T., M.T.",GKT.7/11,PT
IL 3C,Rabu,ISTIRAHAT,ISTIRAHAT,,#N/A,"#N/A",,
IL 3C,Rabu,4,09.35 - 10.20,433-221-505,Managemen Industri dan Projek,"Dr. Mohammad Khambali, B.Eng., M.Kom.",SBI/06,MK
IL 3C,Rabu,5,10.20 - 11.05,433-221-505,Managemen Industri dan Projek,"Dr. Mohammad Khambali, B.Eng., M.Kom.",SBI/06,MK
IL 3C,Rabu,6,11.05 - 11.50,433-221-505,Managemen Industri dan Projek,"Dr. Mohammad Khambali, B.Eng., M.Kom.",SBI/06,MK
IL 3C,Rabu,ISTIRAHAT,ISTIRAHAT,,#N/A,"#N/A",,
IL 3C,Rabu,7,12.30 - 13.15,433-221-508,PLC II,"Aggie Brenda Vernandez S.T., M.T.",LabPLC,ABV
IL 3C,Rabu,8,13.15 - 14.00,433-221-508,PLC II,"Aggie Brenda Vernandez S.T., M.T.",LabPLC,ABV
IL 3C,Rabu,9,14.00 - 14.45,433-221-508,PLC II,"Aggie Brenda Vernandez S.T., M.T.",LabPLC,ABV
IL 3C,Rabu,10,14.45 - 15.30,433-221-508,PLC II,"Aggie Brenda Vernandez S.T., M.T.",LabPLC,ABV
IL 3C,Rabu,ISTIRAHAT,ISTIRAHAT,,#N/A,"#N/A",,
IL 3C,Rabu,11,16.00 - 16.45,433-221-508,PLC II,"Aggie Brenda Vernandez S.T., M.T.",LabPLC,ABV
IL 3C,Rabu,12,16.45 - 17.30,433-221-508,PLC II,"Aggie Brenda Vernandez S.T., M.T.",LabPLC,ABV
IL 3C,Kamis,2,07.45 - 08.30,433-221-504,Kewirausahaan,"Dr. Mohammad Khambali, B.Eng., M.Kom.",LabMeka,MK
IL 3C,Kamis,3,08.30 - 09.15,433-221-504,Kewirausahaan,"Dr. Mohammad Khambali, B.Eng., M.Kom.",LabMeka,MK
IL 3C,Kamis,5,10.20 - 11.05,433-221-503,Distribusi Tenaga Listrik,"Drs. Agus Adiwismono, M.Eng.",SBI/09,AA
IL 3C,Kamis,6,11.05 - 11.50,433-221-503,Distribusi Tenaga Listrik,"Drs. Agus Adiwismono, M.Eng.",SBI/09,AA
IL 3C,Kamis,ISTIRAHAT,ISTIRAHAT,,#N/A,"#N/A",,
IL 3C,Kamis,7,12.30 - 13.15,433-221-503,Distribusi Tenaga Listrik,"Drs. Agus Adiwismono, M.Eng.",SBI/09,AA
IL 3C,Kamis,8,13.15 - 14.00,433-221-503,Distribusi Tenaga Listrik,"Drs. Agus Adiwismono, M.Eng.",SBI/09,AA
IL 3C,Jumat,1,07.00 - 07.45,433-221-502,Sistem Kendali Modern,"Eriko Arvin Karuniawan S.ST., M.Eng.",LabMikro,EA
IL 3C,Jumat,2,07.45 - 08.30,433-221-502,Sistem Kendali Modern,"Eriko Arvin Karuniawan S.ST., M.Eng.",LabMikro,EA
IL 3C,Jumat,3,08.30 - 09.15,433-221-502,Sistem Kendali Modern,"Eriko Arvin Karuniawan S.ST., M.Eng.",LabMikro,EA
IL 3C,Jumat,5,10.20 - 11.05,433-221-501,Analisis Sistem Tenaga II,"Adi Wasono, B.Eng., M.Eng. / Dyah Ratna Kusuma Mayang Sari , S.T.,M.T.",SBI/06,"AW, DRK"
IL 3C,Jumat,6,11.05 - 11.50,433-221-501,Analisis Sistem Tenaga II,"Adi Wasono, B.Eng., M.Eng. / Dyah Ratna Kusuma Mayang Sari , S.T.,M.T.",SBI/06,"AW, DRK"
IL 3C,Jumat,8,13.15 - 14.00,433-221-501,Analisis Sistem Tenaga II,"Adi Wasono, B.Eng., M.Eng. / Dyah Ratna Kusuma Mayang Sari , S.T.,M.T.",SBI/06,"AW, DRK"
IL 3C,Jumat,9,14.00 - 14.45,433-221-501,Analisis Sistem Tenaga II,"Adi Wasono, B.Eng., M.Eng. / Dyah Ratna Kusuma Mayang Sari , S.T.,M.T.",SBI/06,"AW, DRK"
IL 4C(RPL),Senin,ISTIRAHAT,ISTIRAHAT,,#N/A,#N/A,,
IL 4C(RPL),Senin,11,16.00 - 16.45,433-248-704,Optimasi Operasi Sistem Tenaga Listrik,"Pangestuningtyas Diah Larasati, S.T., M.T.",RPL(online),PT
IL 4C(RPL),Senin,12,16.45 - 17.30,433-248-704,Optimasi Operasi Sistem Tenaga Listrik,"Pangestuningtyas Diah Larasati, S.T., M.T.",RPL(online),PT
IL 4C(RPL),Senin,13,17.30 - 18.15,433-248-704,Optimasi Operasi Sistem Tenaga Listrik,"Pangestuningtyas Diah Larasati, S.T., M.T.",RPL(online),PT
IL 4C(RPL),Senin,ISTIRAHAT,ISTIRAHAT,,#N/A,#N/A,,
IL 4C(RPL),Senin,14,18.45 - 19.30,433-248-703,Metode Penelitian,"Syahid, S.T., M.Eng.",RPL(online),SY
IL 4C(RPL),Senin,15,19.30 - 20.15,433-248-703,Metode Penelitian,"Syahid, S.T., M.Eng.",RPL(online),SY
IL 4C(RPL),Senin,16,20.15 - 21.00,433-248-703,Metode Penelitian,"Syahid, S.T., M.Eng.",RPL(online),SY
IL 4C(RPL),Selasa,ISTIRAHAT,ISTIRAHAT,,#N/A,#N/A,,
IL 4C(RPL),Selasa,7,12.30 - 13.15,433-248-709,Supervisory Control and Data Acquisition / Supervisory Control and Data Acquisition,"Yusnan Badruzzaman, S.T., M.Eng.",RPL(online),YB
IL 4C(RPL),Selasa,8,13.15 - 14.00,433-248-709,Supervisory Control and Data Acquisition / Supervisory Control and Data Acquisition,"Yusnan Badruzzaman, S.T., M.Eng.",RPL(online),YB
IL 4C(RPL),Selasa,9,14.00 - 14.45,433-248-709,Supervisory Control and Data Acquisition / Supervisory Control and Data Acquisition,"Yusnan Badruzzaman, S.T., M.Eng.",RPL(online),YB
IL 4C(RPL),Selasa,10,14.45 - 15.30,433-248-709,Supervisory Control and Data Acquisition / Supervisory Control and Data Acquisition,"Yusnan Badruzzaman, S.T., M.Eng.",RPL(online),YB
IL 4C(RPL),Selasa,ISTIRAHAT,ISTIRAHAT,,#N/A,#N/A,,
IL 4C(RPL),Selasa,11,16.00 - 16.45,433-248-709,Supervisory Control and Data Acquisition / Supervisory Control and Data Acquisition,"Yusnan Badruzzaman, S.T., M.Eng.",RPL(online),YB
IL 4C(RPL),Selasa,12,16.45 - 17.30,433-248-709,Supervisory Control and Data Acquisition / Supervisory Control and Data Acquisition,"Yusnan Badruzzaman, S.T., M.Eng.",RPL(online),YB
IL 4C(RPL),Selasa,13,17.30 - 18.15,433-248-708,Proteksi Sistem Tenaga,"Pangestuningtyas Diah Larasati, S.T., M.T.",RPL(online),PT
IL 4C(RPL),Selasa,ISTIRAHAT,ISTIRAHAT,,#N/A,#N/A,,
IL 4C(RPL),Selasa,14,18.45 - 19.30,433-248-708,Proteksi Sistem Tenaga,"Pangestuningtyas Diah Larasati, S.T., M.T.",RPL(online),PT
IL 4C(RPL),Selasa,15,19.30 - 20.15,433-248-708,Proteksi Sistem Tenaga,"Pangestuningtyas Diah Larasati, S.T., M.T.",RPL(online),PT
IL 4C(RPL),Selasa,16,20.15 - 21.00,433-248-708,Proteksi Sistem Tenaga,"Pangestuningtyas Diah Larasati, S.T., M.T.",RPL(online),PT
IL 4C(RPL),Rabu,13,17.30 - 18.15,433-248-706,Praktikum EBT,"Eriko Arvin Karuniawan S.ST., M.Eng.",RPL(online),EA
IL 4C(RPL),Rabu,ISTIRAHAT,ISTIRAHAT,,#N/A,#N/A,,
IL 4C(RPL),Rabu,14,18.45 - 19.30,433-248-706,Praktikum EBT,"Eriko Arvin Karuniawan S.ST., M.Eng.",RPL(online),EA
IL 4C(RPL),Rabu,15,19.30 - 20.15,433-248-706,Praktikum EBT,"Eriko Arvin Karuniawan S.ST., M.Eng.",RPL(online),EA
IL 4C(RPL),Rabu,16,20.15 - 21.00,433-248-706,Praktikum EBT,"Eriko Arvin Karuniawan S.ST., M.Eng.",RPL(online),EA
IL 4C(RPL),Kamis,ISTIRAHAT,ISTIRAHAT,,#N/A,#N/A,,
IL 4C(RPL),Kamis,7,12.30 - 13.15,433-248-705,Penggunaan Komputer Pada Analisa Sistem Tenaga,"Aggie Brenda Vernandez S.T., M.T.",RPL(online),ABV
IL 4C(RPL),Kamis,8,13.15 - 14.00,433-248-705,Penggunaan Komputer Pada Analisa Sistem Tenaga,"Aggie Brenda Vernandez S.T., M.T.",RPL(online),ABV
IL 4C(RPL),Kamis,9,14.00 - 14.45,433-248-705,Penggunaan Komputer Pada Analisa Sistem Tenaga,"Aggie Brenda Vernandez S.T., M.T.",RPL(online),ABV
IL 4C(RPL),Kamis,10,14.45 - 15.30,433-248-705,Penggunaan Komputer Pada Analisa Sistem Tenaga,"Aggie Brenda Vernandez S.T., M.T.",RPL(online),ABV
IL 4C(RPL),Kamis,ISTIRAHAT,ISTIRAHAT,,#N/A,#N/A,,
IL 4C(RPL),Kamis,11,16.00 - 16.45,433-248-707,Praktikum Mekatronika,"Aggie Brenda Vernandez S.T., M.T.",RPL(online),ABV
IL 4C(RPL),Kamis,12,16.45 - 17.30,433-248-707,Praktikum Mekatronika,"Aggie Brenda Vernandez S.T., M.T.",RPL(online),ABV
IL 4C(RPL),Kamis,13,17.30 - 18.15,433-248-707,Praktikum Mekatronika,"Aggie Brenda Vernandez S.T., M.T.",RPL(online),ABV
IL 4C(RPL),Kamis,ISTIRAHAT,ISTIRAHAT,,#N/A,#N/A,,
IL 4C(RPL),Kamis,14,18.45 - 19.30,433-248-707,Praktikum Mekatronika,"Aggie Brenda Vernandez S.T., M.T.",RPL(online),ABV
IL 4C(RPL),Kamis,15,19.30 - 20.15,433-248-707,Praktikum Mekatronika,"Aggie Brenda Vernandez S.T., M.T.",RPL(online),ABV
IL 4C(RPL),Kamis,16,20.15 - 21.00,433-248-707,Praktikum Mekatronika,"Aggie Brenda Vernandez S.T., M.T.",RPL(online),ABV
IL 4C(RPL),Jumat,9,14.00 - 14.45,433-248-702,Praktikum Kendali Mikrokontroler II,"Aggie Brenda Vernandez S.T., M.T.",RPL(online),ABV
IL 4C(RPL),Jumat,10,14.45 - 15.30,433-248-702,Praktikum Kendali Mikrokontroler II,"Aggie Brenda Vernandez S.T., M.T.",RPL(online),ABV
IL 4C(RPL),Jumat,ISTIRAHAT,ISTIRAHAT,,#N/A,#N/A,,
IL 4C(RPL),Jumat,11,16.00 - 16.45,433-248-702,Praktikum Kendali Mikrokontroler II,"Aggie Brenda Vernandez S.T., M.T.",RPL(online),ABV
IL 4C(RPL),Jumat,12,16.45 - 17.30,433-248-702,Praktikum Kendali Mikrokontroler II,"Aggie Brenda Vernandez S.T., M.T.",RPL(online),ABV
IL 4C(RPL),Jumat,13,17.30 - 18.15,433-248-701,Praktikum Elektronika Daya,"Adeguna Ridlo Pramurti, S.Pd., M.Eng.",RPL(online),AR
IL 4C(RPL),Jumat,ISTIRAHAT,ISTIRAHAT,,#N/A,#N/A,,
IL 4C(RPL),Jumat,14,18.45 - 19.30,433-248-701,Praktikum Elektronika Daya,"Adeguna Ridlo Pramurti, S.Pd., M.Eng.",RPL(online),AR
IL 4C(RPL),Jumat,15,19.30 - 20.15,433-248-701,Praktikum Elektronika Daya,"Adeguna Ridlo Pramurti, S.Pd., M.Eng.",RPL(online),AR
IL 4C(RPL),Jumat,16,20.15 - 21.00,433-248-701,Praktikum Elektronika Daya,"Adeguna Ridlo Pramurti, S.Pd., M.Eng.",RPL(online),AR
